/*
Navicat MySQL Data Transfer

Source Server         : 分销华为云
Source Server Version : 50727
Source Host           : 1f692e5a3458475ea270448f4d3bfde5in01.internal.cn-east-2.mysql.rds.myhuaweicloud.com:3306
Source Database       : memorial

Target Server Type    : MYSQL
Target Server Version : 50727
File Encoding         : 65001

Date: 2020-06-29 09:57:14
*/

SET FOREIGN_KEY_CHECKS=0;

-- ----------------------------
-- Table structure for memorial_ancestral_details
-- ----------------------------
DROP TABLE IF EXISTS `memorial_ancestral_details`;
CREATE TABLE `memorial_ancestral_details` (
  `id` varchar(255) NOT NULL,
  `name` varchar(255) DEFAULT NULL,
  `site` varchar(255) DEFAULT NULL COMMENT '位置',
  `text` varchar(500) DEFAULT NULL,
  `user_id` varchar(255) DEFAULT NULL COMMENT '创建人ID',
  `time` datetime DEFAULT NULL,
  `state` varchar(255) DEFAULT NULL COMMENT '1展示2不展示',
  `date1` varchar(255) DEFAULT NULL COMMENT '出生日期',
  `trend1` varchar(255) DEFAULT NULL COMMENT '趋势日期',
  `date2` varchar(255) DEFAULT NULL,
  `trend2` varchar(255) DEFAULT NULL,
  `date3` int(11) DEFAULT NULL COMMENT '已经跑批给SAS的维度数目之和',
  `date4` varchar(50) DEFAULT NULL COMMENT '已经跑批给SAS的维度数目之和',
  PRIMARY KEY (`id`)
) ENGINE=InnoDB DEFAULT CHARSET=utf8mb4;

-- ----------------------------
-- Records of memorial_ancestral_details
-- ----------------------------
INSERT INTO `memorial_ancestral_details` VALUES ('12598764798949491232131', '刘11,姐妹', '1111', '32165456165143611233113131', '1259444258834878464', '2020-05-29 10:16:12', '1', null, null, null, null, null, null);
INSERT INTO `memorial_ancestral_details` VALUES ('1265598416289927168', '哦哦,关系1', '而王菲夫妇', '得分回复克罗诺夫', '1259444258834878464', '2020-05-27 18:59:11', '2', null, null, null, null, null, null);
INSERT INTO `memorial_ancestral_details` VALUES ('1265598421922877440', '哦哦,关系1', '而王菲夫妇', '得分回复克罗诺夫', '1259444258834878464', '2020-05-27 18:59:12', '2', null, null, null, null, null, null);
INSERT INTO `memorial_ancestral_details` VALUES ('1265600407921627136', '我的,威威', '方法', '调查v范德萨v', '1259444258834878464', '2020-05-27 19:07:06', '2', null, null, null, null, null, null);
INSERT INTO `memorial_ancestral_details` VALUES ('1265601003672178688', '编辑过2,反对v', '从v的v', '二分五十发', '1259444258834878464', '2020-05-27 19:09:28', '2', null, null, null, null, null, null);
INSERT INTO `memorial_ancestral_details` VALUES ('1265611968996315136', '11,11', '1', '11', '1259444258834878464', '2020-05-27 19:53:02', '2', null, null, null, null, null, null);
INSERT INTO `memorial_ancestral_details` VALUES ('1265612016341618688', '324,额外服务', '我的人', '第三方', '1259444258834878464', '2020-05-27 19:53:13', '2', null, null, null, null, null, null);
INSERT INTO `memorial_ancestral_details` VALUES ('1265612057978474496', '的,而的氛围', '都认为', '为威风威风', '1259444258834878464', '2020-05-27 19:53:23', '2', null, null, null, null, null, null);
INSERT INTO `memorial_ancestral_details` VALUES ('1265612109656494080', '而的氛围f\'we\'f\'we\'fe,fwefwefe我的任务', '亲卫队请问委屈', '疯的疯', '1259444258834878464', '2020-05-27 19:53:36', '2', null, null, null, null, null, null);
INSERT INTO `memorial_ancestral_details` VALUES ('1265612155059834880', '额外的与,ed俄方微风无法全额付', '完全的我', '威威认为反对v发DVD v', '1259444258834878464', '2020-05-27 19:53:46', '2', null, null, null, null, null, null);
INSERT INTO `memorial_ancestral_details` VALUES ('1265612215009021952', '打我的身份,w威风威风丰富', '服务范围分区', '艾法尔范', '1259444258834878464', '2020-05-27 19:54:01', '2', null, null, null, null, null, null);
INSERT INTO `memorial_ancestral_details` VALUES ('1265612302934216704', '权威的,我的', '我的', '我的大', '1259444258834878464', '2020-05-27 19:54:22', '2', null, null, null, null, null, null);
INSERT INTO `memorial_ancestral_details` VALUES ('1265613111801548800', '的我,问起我', '我的轻微的轻微的', '挖的青蛙达瓦低洼地', '1259444258834878464', '2020-05-27 19:57:34', '2', null, null, null, null, null, null);
INSERT INTO `memorial_ancestral_details` VALUES ('1265613142394802176', '我顶我顶,威风威风', '我的娃', 'w\'dwe\'d\'w', '1259444258834878464', '2020-05-27 19:57:42', '2', null, null, null, null, null, null);
INSERT INTO `memorial_ancestral_details` VALUES ('1265613202058776576', '离立即,离立即', '离立即', '离立即', '1259444258834878464', '2020-05-27 19:57:56', '2', null, null, null, null, null, null);
INSERT INTO `memorial_ancestral_details` VALUES ('1265613228940070912', '离立即,离立即', '离立即', '离立即', '1259444258834878464', '2020-05-27 19:58:02', '2', null, null, null, null, null, null);
INSERT INTO `memorial_ancestral_details` VALUES ('1265613260581900288', '离立即,离立即', '离立即', '离立即', '1259444258834878464', '2020-05-27 19:58:10', '2', null, null, null, null, null, null);
INSERT INTO `memorial_ancestral_details` VALUES ('1265613284703342592', '离立即,离立即', '离立即', '离立即', '1259444258834878464', '2020-05-27 19:58:16', '2', null, null, null, null, null, null);
INSERT INTO `memorial_ancestral_details` VALUES ('1265613308631846912', '离立即,离立即', '离立即', '离立即', '1259444258834878464', '2020-05-27 19:58:21', '2', null, null, null, null, null, null);
INSERT INTO `memorial_ancestral_details` VALUES ('1265613332216418304', '离立即,离立即', '离立即', '离立即', '1259444258834878464', '2020-05-27 19:58:27', '2', null, null, null, null, null, null);
INSERT INTO `memorial_ancestral_details` VALUES ('1265613358359515136', '离立即,离立即', '离立即', '离立即', '1259444258834878464', '2020-05-27 19:58:33', '2', null, null, null, null, null, null);
INSERT INTO `memorial_ancestral_details` VALUES ('1265944861589245952', '华化,姐妹-仍然,奶奶', '北京市', '叫我都会觉得回复恢复后的大大节省了房间里的肌肤的可接受的垃圾地方了解放军历史交锋积分累计跌幅', '1259444258834878464', '2020-05-28 17:55:50', '1', null, null, null, null, null, null);
INSERT INTO `memorial_ancestral_details` VALUES ('1266168537110679552', '张三,外公', '天津市', '32165456165143611233113131', '1259444258834878464', '2020-05-29 08:44:38', '2', null, null, null, null, null, null);
INSERT INTO `memorial_ancestral_details` VALUES ('1267423010030227456', '啊啊,爷爷', '北京市', '发发发热热他根本圣', '1259999466333802496', '2020-06-01 19:49:28', '2', null, null, null, null, null, null);
INSERT INTO `memorial_ancestral_details` VALUES ('1267423349504610304', '哦哦,堂姐', '北京市', '而非开始分解分解开来如果', '1259999466333802496', '2020-06-01 19:50:49', '2', null, null, null, null, null, null);
INSERT INTO `memorial_ancestral_details` VALUES ('1270945642398748672', '11,22', '22', '11111111111111111111111111111111111111111111111111111111111111111111111111111111111111111111111111111111111111111111111111111111111111111111111111111111111111111111111111111111111111111111111111111111111111111111111111111111111111111111111111111111111111111111111111111111111111111111111111111111111111111111111111111111111111111111111111111111111111111111111111111111111111111111111111111111111111111111111111111111111111111111111111111111111111111111111111111111111111111111111111111111111111111110', '1259999466333802496', '2020-06-11 13:07:09', '2', null, null, null, null, null, null);
INSERT INTO `memorial_ancestral_details` VALUES ('1270945966073188352', '33,兄弟', '天津市河东区', '111111111111111111111111而法国v的发表v国防部', '1259999466333802496', '2020-06-11 13:08:26', '2', null, null, null, null, null, null);
INSERT INTO `memorial_ancestral_details` VALUES ('1270946175142465536', '99,兄弟', '天津市河东区', '的发热发热规律', '1259999466333802496', '2020-06-11 13:09:16', '2', null, null, null, null, null, null);
INSERT INTO `memorial_ancestral_details` VALUES ('1270947618603798528', '55,姐妹', '四川省成都市', '热风v部分分别 ', '1259999466333802496', '2020-06-11 13:15:00', '2', null, null, null, null, null, null);
INSERT INTO `memorial_ancestral_details` VALUES ('1270957413670981632', '查干湖,与', '黄金', '长长久久', '1267741421180424192', '2020-06-11 13:53:55', '2', null, null, null, null, null, null);
INSERT INTO `memorial_ancestral_details` VALUES ('1270985037382291456', '携家带口,外婆', '不打架', '32165456165143611233113131', '1267741421180424192', '2020-06-11 15:43:41', '2', null, null, null, null, null, null);
INSERT INTO `memorial_ancestral_details` VALUES ('1271008150790737920', '加到几点就,奶奶3', '76', '32165456165143611233113131', '1267741421180424192', '2020-06-11 17:15:32', '2', null, null, null, null, null, null);
INSERT INTO `memorial_ancestral_details` VALUES ('1271008399408107520', '三个字,爷爷', '基督教', '很正常', '1267741421180424192', '2020-06-11 17:16:31', '2', null, null, null, null, null, null);
INSERT INTO `memorial_ancestral_details` VALUES ('1273435261866479616', '99,55', '', '55', '1259999466333802496', '2020-06-18 10:00:00', '2', null, null, null, null, null, null);
INSERT INTO `memorial_ancestral_details` VALUES ('1273447742865281024', '444,55', '四川省成都市锦江区锦江区', '77', 'undefined', '2020-06-18 10:49:36', '2', null, null, null, null, null, null);
INSERT INTO `memorial_ancestral_details` VALUES ('1273448595911217152', '11,22', '四川省自贡市自流井区', '33', 'undefined', '2020-06-18 10:52:59', '2', null, null, null, null, null, null);
INSERT INTO `memorial_ancestral_details` VALUES ('1273448917765328896', '00,66', '四川省成都市锦江区', '555', 'undefined', '2020-06-18 10:54:16', '2', null, null, null, null, null, null);
INSERT INTO `memorial_ancestral_details` VALUES ('1273451483286867968', '55,77', '四川省自贡市自流井区', '5454', 'undefined', '2020-06-18 11:04:28', '2', null, null, null, null, null, null);
INSERT INTO `memorial_ancestral_details` VALUES ('1273786249475395584', 'ss,kk-oo,88', '贵州省贵阳市南明区', '65434314', '1259999466333802496', '2020-06-19 09:14:42', '2', null, null, null, null, null, null);
INSERT INTO `memorial_ancestral_details` VALUES ('1273787240899809280', '三个字,111-三个字,222', '重庆重庆万州区', '打击报复绝大部分机动部队', '1259999466333802496', '2020-06-19 09:18:39', '2', null, null, null, null, null, null);
INSERT INTO `memorial_ancestral_details` VALUES ('1273985460552732672', '123', '123', '123', '1259999466333802496', '2020-06-19 22:26:18', '2', '', '', '', '', null, null);
INSERT INTO `memorial_ancestral_details` VALUES ('1274141180287913984', '534535,435353', '全部', '1236463464', '1270245301000736768', '2020-06-20 08:45:04', '2', '', '', '=', '=', null, null);
INSERT INTO `memorial_ancestral_details` VALUES ('1274142633538752512', '54654623,4234234', '全部', '565467567686121123', '1270245301000736768', '2020-06-20 08:50:51', '2', '', '', '=', '=', null, null);
INSERT INTO `memorial_ancestral_details` VALUES ('1274143851392667648', '324234,姐妹', '全部', '567565676575656', '1270245301000736768', '2020-06-20 08:55:41', '2', '', '', '', '', null, null);
INSERT INTO `memorial_ancestral_details` VALUES ('1274153510237245440', '12321,姐妹-434343,兄弟', '全部', '676765756756756757', '1270245301000736768', '2020-06-20 09:34:04', '2', '', '', '', '', null, null);
INSERT INTO `memorial_ancestral_details` VALUES ('1274156652274257920', '23423,姐妹', '全部', '342423423423423431231213', '1270245301000736768', '2020-06-20 09:46:33', '2', '2018-05-20', '2019-06-20', '', '', null, null);
INSERT INTO `memorial_ancestral_details` VALUES ('1274238493278736384', '基督教,爸爸', '全部', '测试生平', '1267741421180424192', '2020-06-20 15:11:46', '2', '2020-03-20', '2020-06-20', '', '', null, null);
INSERT INTO `memorial_ancestral_details` VALUES ('1274238682643173376', '基督四,爸爸', '全部', '回到家', '1267741421180424192', '2020-06-20 15:12:31', '2', '2020-03-20', '2020-06-20', '', '', null, null);
INSERT INTO `memorial_ancestral_details` VALUES ('1274249045065469952', '王五,兄弟-赵六,姐妹', '全部', '321545421312312313123', '1270245301000736768', '2020-06-20 15:53:41', '2', '2015-06-20', '2017-06-20', '2020-06-20', '不详', null, null);
INSERT INTO `memorial_ancestral_details` VALUES ('1274255063153512448', '张三,姐妹-李四,兄弟', '四川省成都市锦江区', '3452323423424234342', '1270245301000736768', '2020-06-20 16:17:36', '2', '不详', '不详', '2015-06-20', '2017-06-20', null, null);
INSERT INTO `memorial_ancestral_details` VALUES ('1274290948381216768', '进度的话,外公-好的好,外公', '北京市北京市西城区', '那些就像你', '1267741421180424192', '2020-06-20 18:40:12', '2', '不详', '不详', '不详', '2020-06-16', null, null);
INSERT INTO `memorial_ancestral_details` VALUES ('1274306657794527232', '测试人,爸爸-很正常,奶奶', '云南省', '救助站', '1267741421180424192', '2020-06-20 19:42:37', '2', '不详', '不详', '2020-04-20', '不详', null, null);
INSERT INTO `memorial_ancestral_details` VALUES ('1274863900977926144', '测试员,好像-测试,打成', '福建省南平市政和县', '开裆裤', '1267741421180424192', '2020-06-22 08:36:54', '2', '2020-01-22', '2020-03-22', '不详', '不详', null, null);
INSERT INTO `memorial_ancestral_details` VALUES ('1274872773231120384', '名字,外公', '福建省南平市政和县', '你的记得记得', '1267741421180424192', '2020-06-22 09:12:10', '2', '不详', '不详', '', '', null, null);
INSERT INTO `memorial_ancestral_details` VALUES ('1274893150602792960', '测试,奶奶', '福建省南平市政和县', '简直就是', '1267741421180424192', '2020-06-22 10:33:08', '2', '2020-06-22', '2020-06-20', '', '', null, null);
INSERT INTO `memorial_ancestral_details` VALUES ('1274893354789900288', '测试,姐妹', '四川省 成都市 锦江区', 'test', '1259999466333802496', '2020-06-22 10:33:57', '2', '2020-06-22', '2020-06-22', '', '', null, null);
INSERT INTO `memorial_ancestral_details` VALUES ('1274893772450304000', '测试,外公', '福建省南平市政和县', '基督教', '1267741421180424192', '2020-06-22 10:35:36', '2', '2020-06-22', '2020-06-20', '', '', null, null);
INSERT INTO `memorial_ancestral_details` VALUES ('1274895654040244224', '你地址,新年', '四川省 成都市 锦江区', '英明神武', '1259868197688053760', '2020-06-22 10:43:05', '2', '2020-06-22', '不详', '', '', null, null);
INSERT INTO `memorial_ancestral_details` VALUES ('1274896615064342528', '跳转,测试', '澳门 离岛', '32165456165143611233113131', '1267741421180424192', '2020-06-22 10:46:54', '2', '不详', '不详', '', '', null, null);
INSERT INTO `memorial_ancestral_details` VALUES ('1274932235388194816', '测试,姐妹', '四川省 成都市 锦江区', '测试', '1259999466333802496', '2020-06-22 13:08:27', '2', '2020-06-22', '2020-06-22', '', '', null, null);
INSERT INTO `memorial_ancestral_details` VALUES ('1274976703151738880', '测试,姐妹', '贵州省 贵阳市 南明区', '测试', '1259999466333802496', '2020-06-22 16:05:09', '2', '2020-06-22', '2020-06-22', '', '', null, null);
INSERT INTO `memorial_ancestral_details` VALUES ('1274989437138374656', '测试,姐妹', '天津市 天津市 西青区', 'test', '1259999466333802496', '2020-06-22 16:55:45', '2', '2018-06-22', '2018-06-22', '', '', null, null);
INSERT INTO `memorial_ancestral_details` VALUES ('1275062666716647424', '测试与,姐妹', '甘肃省 武威市 民勤县', '秒选', '1267741421180424192', '2020-06-22 21:46:44', '2', '2020-06-22', '2020-06-22', '', '', null, null);
INSERT INTO `memorial_ancestral_details` VALUES ('1275068499412258816', '新建,测试', '北京市 北京市 东城区', '回到家大家觉得', '1267741421180424192', '2020-06-22 22:09:55', '2', '2020-01-22', '不详', '', '', null, null);
INSERT INTO `memorial_ancestral_details` VALUES ('1275231018231664640', '测试木,没有关系', '天津市 天津市 西青区', '那些年想你想', '1267741421180424192', '2020-06-23 08:55:42', '2', '2019-06-23', '2020-06-23', '', '', null, null);
INSERT INTO `memorial_ancestral_details` VALUES ('1275231388722925568', '测试员,手机', '天津市 天津市 西青区', '男的女的', '1267741421180424192', '2020-06-23 08:57:10', '2', '2019-06-23', '2019-06-23', '', '', null, null);
INSERT INTO `memorial_ancestral_details` VALUES ('1275231535976550400', '测试次唐,奶奶', '福建省 厦门市 思明区', '你在哪现金', '1267741421180424192', '2020-06-23 08:57:45', '2', '2020-06-23', '2020-06-23', '', '', null, null);
INSERT INTO `memorial_ancestral_details` VALUES ('1275233285408165888', '执行,爸爸', '天津市 天津市 西青区', '那些年想你想', '1267741421180424192', '2020-06-23 09:04:43', '2', '2004-06-23', '2016-06-23', '', '', null, null);
INSERT INTO `memorial_ancestral_details` VALUES ('1275234334898524160', '没下课,你都觉得', '四川省 成都市 锦江区', '32165456165143611233113131那些年谢谢姐姐想', '1267741421180424192', '2020-06-23 09:08:53', '2', '2004-06-23', '2016-06-23', '', '', null, null);
INSERT INTO `memorial_ancestral_details` VALUES ('1275234946142834688', '测试四字,姐妹-测三字,兄弟', '四川省 成都市 锦江区', '23213', '1259999466333802496', '2020-06-23 09:11:19', '2', '不详', '不详', '不详', '不详', null, null);
INSERT INTO `memorial_ancestral_details` VALUES ('1275236175342342144', '星星,爸爸', '', '32165456165143611233113131', '1267741421180424192', '2020-06-23 09:16:12', '2', '2015-06-23', '不详', '', '', null, null);
INSERT INTO `memorial_ancestral_details` VALUES ('1275238829535662080', '吃啥子,牛仔裤', '北京市 北京市 东城区', '32165456165143611233113131', '1267741421180424192', '2020-06-23 09:26:44', '2', '不详', '不详', '', '', null, null);
INSERT INTO `memorial_ancestral_details` VALUES ('1275240305427353600', '测试,奶奶3', '福建省 福州市 鼓楼区', '32165456165143611233113131', '1267741421180424192', '2020-06-23 09:32:36', '2', '2013-06-23', '不详', '', '', null, null);
INSERT INTO `memorial_ancestral_details` VALUES ('1275240743983779840', '几点,外公', '贵州省 贵阳市 南明区', '不醉不休', '1267741421180424192', '2020-06-23 09:34:21', '2', '不详', '2013-06-23', '', '', null, null);
INSERT INTO `memorial_ancestral_details` VALUES ('1275259933327233024', '测试数据,测试', '澳门 离岛', '是男是女', '1267741421180424192', '2020-06-23 10:50:36', '2', '2017-06-23', '不详', '', '', null, null);
INSERT INTO `memorial_ancestral_details` VALUES ('1275260097492291584', '您直接,外婆-就行,兄弟', '天津市 天津市 西青区', '32165456165143611233113131', '1267741421180424192', '2020-06-23 10:51:15', '2', '2017-06-23', '不详', '不详', '不详', null, null);
INSERT INTO `memorial_ancestral_details` VALUES ('1275716325834100736', '新建祠堂,奶奶', '四川省 成都市 锦江区', '加到几点就', '1267741421180424192', '2020-06-24 17:04:08', '2', '2016-06-24', '不详', '', '', null, null);
INSERT INTO `memorial_ancestral_details` VALUES ('1275719434144714752', '测试员无,奶奶', '云南省 玉溪市 江川县', '看到党建党建党建', '1267741421180424192', '2020-06-24 17:16:29', '2', '2020-02-24', '不详', '', '', null, null);
INSERT INTO `memorial_ancestral_details` VALUES ('1275722896874016768', '册数,奶奶', '福建省', '那些年想你想', '1267741421180424192', '2020-06-24 17:30:15', '2', '2020-06-24', '不详', '', '', null, null);
INSERT INTO `memorial_ancestral_details` VALUES ('1275723307160834048', '基督教,兄弟-那些,几点', '福建省 三明市 泰宁县', '加到几点就', '1267741421180424192', '2020-06-24 17:31:53', '2', '2019-06-22', '2020-06-22', '不详', '不详', null, null);

-- ----------------------------
-- Table structure for memorial_banner
-- ----------------------------
DROP TABLE IF EXISTS `memorial_banner`;
CREATE TABLE `memorial_banner` (
  `id` varchar(255) NOT NULL,
  `img` varchar(255) DEFAULT NULL,
  `time` datetime DEFAULT NULL,
  PRIMARY KEY (`id`)
) ENGINE=InnoDB DEFAULT CHARSET=utf8mb4;

-- ----------------------------
-- Records of memorial_banner
-- ----------------------------
INSERT INTO `memorial_banner` VALUES ('1273168751759593472', 'http://h5cdn.zhuisi5.com/58604aa28b064c3b810bb9686376e424', '2020-06-17 16:20:59');

-- ----------------------------
-- Table structure for memorial_banner_ancestral
-- ----------------------------
DROP TABLE IF EXISTS `memorial_banner_ancestral`;
CREATE TABLE `memorial_banner_ancestral` (
  `id` varchar(255) NOT NULL,
  `img` varchar(255) DEFAULT NULL,
  `time` datetime DEFAULT NULL,
  PRIMARY KEY (`id`)
) ENGINE=InnoDB DEFAULT CHARSET=utf8mb4;

-- ----------------------------
-- Records of memorial_banner_ancestral
-- ----------------------------
INSERT INTO `memorial_banner_ancestral` VALUES ('1273173214775873536', 'http://h5cdn.zhuisi5.com/ffb7de4ddee946be93d4419d4b7dc5ea', '2020-06-17 16:38:43');

-- ----------------------------
-- Table structure for memorial_banner_plaza
-- ----------------------------
DROP TABLE IF EXISTS `memorial_banner_plaza`;
CREATE TABLE `memorial_banner_plaza` (
  `id` varchar(255) NOT NULL,
  `img` varchar(255) DEFAULT NULL,
  `time` datetime DEFAULT NULL,
  PRIMARY KEY (`id`)
) ENGINE=InnoDB DEFAULT CHARSET=utf8mb4;

-- ----------------------------
-- Records of memorial_banner_plaza
-- ----------------------------
INSERT INTO `memorial_banner_plaza` VALUES ('1273172812915412992', 'http://h5cdn.zhuisi5.com/afe9bd3ca02e4b28b6ec5034e6a5711b', '2020-06-17 16:37:08');

-- ----------------------------
-- Table structure for memorial_cpm
-- ----------------------------
DROP TABLE IF EXISTS `memorial_cpm`;
CREATE TABLE `memorial_cpm` (
  `id` varchar(255) NOT NULL,
  `text` varchar(500) DEFAULT NULL,
  PRIMARY KEY (`id`)
) ENGINE=InnoDB DEFAULT CHARSET=utf8mb4;

-- ----------------------------
-- Records of memorial_cpm
-- ----------------------------
INSERT INTO `memorial_cpm` VALUES ('1', ' 请注意发布信息的真实性及道德性，如有过激语言、侮辱逝者、有违相关法律规等信息发布，一经查出一切责任由个人承担。');

-- ----------------------------
-- Table structure for memorial_details
-- ----------------------------
DROP TABLE IF EXISTS `memorial_details`;
CREATE TABLE `memorial_details` (
  `id` varchar(255) NOT NULL,
  `title` varchar(255) DEFAULT NULL,
  `text` longtext,
  `img` varchar(255) DEFAULT NULL,
  `time` datetime DEFAULT NULL,
  `state` varchar(255) DEFAULT NULL COMMENT '1为置顶',
  `time2` datetime DEFAULT NULL COMMENT '排序时间',
  PRIMARY KEY (`id`)
) ENGINE=InnoDB DEFAULT CHARSET=utf8mb4;

-- ----------------------------
-- Records of memorial_details
-- ----------------------------
INSERT INTO `memorial_details` VALUES ('123', '512汶川地震12周年祭1', '2008年5月12日14时28分04秒汶川发生里氏8.0级地震。据官方统计，汶川地震共造成69227人死亡、374643人受伤、17923人失踪。自2009年起，5月12日被定为全国防灾减灾日。12年时间缓缓而过，记者重访震中映秀镇。有地震孤儿谈及未来许愿一切顺利，希望能平安一生。我们纪念沉痛，也纪念生存本身。', 'http://h5cdn.zhuisi5.com/58604aa28b064c3b810bb9686376e424', '2020-05-12 00:02:15', '1', '2020-06-28 21:53:31');
INSERT INTO `memorial_details` VALUES ('1259876479894949888', '512汶川地震12周年祭', '2008年5月12日14时28分04秒汶川发生里氏8.0级地震。据官方统计，汶川地震共造成69227人死亡、374643人受伤、17923人失踪。自2009年起，5月12日被定为全国防灾减灾日。12年时间缓缓而过，记者重访震中映秀镇。有地震孤儿谈及未来许愿一切顺利，希望能平安一生。我们纪念沉痛，也纪念生存本身。', 'http://h5cdn.zhuisi5.com/58604aa28b064c3b810bb9686376e424', '2020-05-12 00:02:15', '1', '2020-06-28 21:53:31');
INSERT INTO `memorial_details` VALUES ('321', '512汶川地震12周年祭1', '2008年5月12日14时28分04秒汶川发生里氏8.0级地震。据官方统计，汶川地震共造成69227人死亡、374643人受伤、17923人失踪。自2009年起，5月12日被定为全国防灾减灾日。12年时间缓缓而过，记者重访震中映秀镇。有地震孤儿谈及未来许愿一切顺利，希望能平安一生。我们纪念沉痛，也纪念生存本身。', 'http://h5cdn.zhuisi5.com/58604aa28b064c3b810bb9686376e424', '2020-05-12 00:02:15', '1', '2020-06-28 21:53:31');
INSERT INTO `memorial_details` VALUES ('456', '512汶川地震12周年祭1', '2008年5月12日14时28分04秒汶川发生里氏8.0级地震。据官方统计，汶川地震共造成69227人死亡、374643人受伤、17923人失踪。自2009年起，5月12日被定为全国防灾减灾日。12年时间缓缓而过，记者重访震中映秀镇。有地震孤儿谈及未来许愿一切顺利，希望能平安一生。我们纪念沉痛，也纪念生存本身。', 'http://h5cdn.zhuisi5.com/58604aa28b064c3b810bb9686376e424', '2020-05-12 00:02:15', '1', '2020-06-28 21:53:31');
INSERT INTO `memorial_details` VALUES ('654', '512汶川地震12周年祭1', '2008年5月12日14时28分04秒汶川发生里氏8.0级地震。据官方统计，汶川地震共造成69227人死亡、374643人受伤、17923人失踪。自2009年起，5月12日被定为全国防灾减灾日。12年时间缓缓而过，记者重访震中映秀镇。有地震孤儿谈及未来许愿一切顺利，希望能平安一生。我们纪念沉痛，也纪念生存本身。', 'http://h5cdn.zhuisi5.com/58604aa28b064c3b810bb9686376e424', '2020-05-12 00:02:15', '1', '2020-06-28 21:53:31');

-- ----------------------------
-- Table structure for memorial_details_share
-- ----------------------------
DROP TABLE IF EXISTS `memorial_details_share`;
CREATE TABLE `memorial_details_share` (
  `id` int(11) NOT NULL AUTO_INCREMENT,
  `img` varchar(255) DEFAULT NULL,
  `title` varchar(255) DEFAULT NULL COMMENT '分享标题',
  `content` varchar(255) DEFAULT NULL COMMENT '分享内容',
  PRIMARY KEY (`id`)
) ENGINE=InnoDB AUTO_INCREMENT=4 DEFAULT CHARSET=utf8mb4;

-- ----------------------------
-- Records of memorial_details_share
-- ----------------------------
INSERT INTO `memorial_details_share` VALUES ('1', 'http://h5cdn.zhuisi5.com/58604aa28b064c3b810bb9686376e424', '追思网-${title}', '${text},点进来祭奠吧！');
INSERT INTO `memorial_details_share` VALUES ('2', 'http://h5cdn.zhuisi5.com/58604aa28b064c3b810bb9686376e424', '追思网-${title}', '${title}，${text},点进来祭奠吧！');
INSERT INTO `memorial_details_share` VALUES ('3', 'http://h5cdn.zhuisi5.com/58604aa28b064c3b810bb9686376e424', '追思网-${title}', '${text},点进来祭奠吧！');

-- ----------------------------
-- Table structure for memorial_double_shop
-- ----------------------------
DROP TABLE IF EXISTS `memorial_double_shop`;
CREATE TABLE `memorial_double_shop` (
  `id` varchar(255) NOT NULL,
  `one_id` varchar(255) DEFAULT NULL,
  `num` int(11) DEFAULT NULL,
  `shop_id` varchar(255) DEFAULT NULL COMMENT '套餐IDstate 2',
  PRIMARY KEY (`id`)
) ENGINE=InnoDB DEFAULT CHARSET=utf8mb4;

-- ----------------------------
-- Records of memorial_double_shop
-- ----------------------------
INSERT INTO `memorial_double_shop` VALUES ('1255735342955368449', '1255735183940915200', '20', '1255705032939147264');
INSERT INTO `memorial_double_shop` VALUES ('1255735343571931138', '1255432576005443584', '30', '1255705032939147264');
INSERT INTO `memorial_double_shop` VALUES ('1255735344163328002', '1255680550136582144', '2', '1255705032939147264');
INSERT INTO `memorial_double_shop` VALUES ('1260873578459566082', '1259744486267949056', '1', '1259747147629334528');
INSERT INTO `memorial_double_shop` VALUES ('1260873578522480642', '1259746034616242176', '2', '1259747147629334528');
INSERT INTO `memorial_double_shop` VALUES ('1260873578577006594', '1259744252880097280', '1', '1259747147629334528');
INSERT INTO `memorial_double_shop` VALUES ('1260873732411494404', '1255432576005443584', '1', '1259747354173640704');
INSERT INTO `memorial_double_shop` VALUES ('1260873732482797572', '1259744252880097280', '1', '1259747354173640704');
INSERT INTO `memorial_double_shop` VALUES ('1260873732541517828', '1259744486267949056', '1', '1259747354173640704');
INSERT INTO `memorial_double_shop` VALUES ('1260873732600238084', '1259746034616242176', '2', '1259747354173640704');
INSERT INTO `memorial_double_shop` VALUES ('1260873732696707076', '1259746326216839168', '1', '1259747354173640704');
INSERT INTO `memorial_double_shop` VALUES ('1260873834370830341', '1255432576005443584', '1', '1259747514140200960');
INSERT INTO `memorial_double_shop` VALUES ('1260873834437939205', '1259744252880097280', '1', '1259747514140200960');
INSERT INTO `memorial_double_shop` VALUES ('1260873834475687941', '1259744486267949056', '1', '1259747514140200960');
INSERT INTO `memorial_double_shop` VALUES ('1260873834505048069', '1259746034616242176', '2', '1259747514140200960');
INSERT INTO `memorial_double_shop` VALUES ('1260873834530213893', '1259746326216839168', '1', '1259747514140200960');
INSERT INTO `memorial_double_shop` VALUES ('1260873834555379717', '1259746688055250944', '1', '1259747514140200960');

-- ----------------------------
-- Table structure for memorial_music
-- ----------------------------
DROP TABLE IF EXISTS `memorial_music`;
CREATE TABLE `memorial_music` (
  `id` int(11) NOT NULL AUTO_INCREMENT,
  `music` varchar(255) DEFAULT NULL,
  PRIMARY KEY (`id`)
) ENGINE=InnoDB AUTO_INCREMENT=2 DEFAULT CHARSET=utf8mb4;

-- ----------------------------
-- Records of memorial_music
-- ----------------------------
INSERT INTO `memorial_music` VALUES ('1', 'http://h5cdn.zhuisi5.com/30d3cd3d674a4678be69e9d3adb377b5.mp3');

-- ----------------------------
-- Table structure for memorial_order
-- ----------------------------
DROP TABLE IF EXISTS `memorial_order`;
CREATE TABLE `memorial_order` (
  `id` varchar(255) NOT NULL,
  `shop_id` varchar(255) DEFAULT NULL,
  `text` varchar(500) DEFAULT NULL,
  `user_id` varchar(255) DEFAULT NULL,
  `time` datetime DEFAULT NULL,
  `state` varchar(255) DEFAULT NULL COMMENT '1失败2成功3过时',
  `details_id` varchar(255) DEFAULT NULL COMMENT '英雄ID',
  PRIMARY KEY (`id`)
) ENGINE=InnoDB DEFAULT CHARSET=utf8mb4;

-- ----------------------------
-- Records of memorial_order
-- ----------------------------
INSERT INTO `memorial_order` VALUES ('1111178332393197569', '1255432576005443584', '东汽中学谭千秋老师，想您了！愿您在天堂安息！天堂不在有悲伤！', '1259868955074498560', '2020-05-12 00:09:37', '3', '1259876479894949888');
INSERT INTO `memorial_order` VALUES ('1111178332393197570', '1255432576005443584', '东汽中学谭千秋老师，想您了！愿您在天堂安息！天堂不在有悲伤！', '1259868955074498560', '2020-06-01 00:09:37', '3', '1259876479894949888');
INSERT INTO `memorial_order` VALUES ('1259878332393197568', '1255432576005443584', '东汽中学谭千秋老师，想您了！愿您在天堂安息！天堂不在有悲伤！', '1259868955074498560', '2020-05-12 00:09:37', '3', '1259876479894949888');
INSERT INTO `memorial_order` VALUES ('1259881372949024768', '1259746219106897920', '祝福大家', '1259871198930669568', '2020-05-12 00:21:41', '3', '1259876479894949888');
INSERT INTO `memorial_order` VALUES ('1259886948688990208', '1259744049213083648', '怀念逝去的英雄！生命是如此薄弱，数万条生命瞬间消失，生命又是如此坚韧，一个个奇迹在灾难中上演，感谢一切中国生命奇迹的创造者！纪念512汶川地震的牺牲战士！', '1259886899498192896', '2020-05-12 00:43:51', '3', '1259876479894949888');
INSERT INTO `memorial_order` VALUES ('1259897055082582016', '1259747354173640704', '缅怀同胞，致敬英雄！🙏 🙏 🙏 时间像风一样过去了，12年了，但是记忆里的那个夏天，却好像是昨天，时间的洪流，将我们带离那个，伤痛的时刻，却让我们记住了那些动人的瞬间。让我们为故者献上一份哀思，祝福活着的人更好地活下去！🙏 🙏 🙏 🙏', '1259884094649667584', '2020-05-12 01:24:00', '3', '1259876479894949888');
INSERT INTO `memorial_order` VALUES ('1259900806057037824', '1259746155340894208', '深切缅怀在大地震中遇难的同胞！', '1259884094649667584', '2020-05-12 01:38:55', '3', '1259876479894949888');
INSERT INTO `memorial_order` VALUES ('1259902541873942528', '1259744049213083648', '转眼都12年了，缅怀逝者，致敬重生，愿往后岁月，一切皆安！', '1259884094649667584', '2020-05-12 01:45:48', '3', '1259876479894949888');
INSERT INTO `memorial_order` VALUES ('1259984795920896000', '1259746688055250944', '愿安好', '1259981952283447296', '2020-05-12 07:12:39', '3', '1259876479894949888');
INSERT INTO `memorial_order` VALUES ('1259993877297893376', '1255432576005443584', '默哀', '1259993293463359488', '2020-05-12 07:48:45', '3', '1259876479894949888');
INSERT INTO `memorial_order` VALUES ('1260006153920843776', '1255432576005443584', '转眼都12年了，5月12日，汶川地震12周年。深切缅怀在512地震中遇难的同胞！愿山河无恙，岁月皆安！致敬所有英雄！只因为有你们替我们负重前行，才会有我们的岁月静好……', '1260002519598370816', '2020-05-12 08:37:32', '3', '1259876479894949888');
INSERT INTO `memorial_order` VALUES ('1260006829191204864', '1259744049213083648', '12年悄然尔逝，始终忘不了那段沉痛的日子，愿天堂没有痛苦', '1259993293463359488', '2020-05-31 08:40:13', '3', '1259876479894949888');
INSERT INTO `memorial_order` VALUES ('1260011524936830976', '1255432576005443584', '', '1259993293463359488', '2020-05-12 08:58:52', '1', '1259876479894949888');
INSERT INTO `memorial_order` VALUES ('1260011551746822144', '1255432576005443584', '', '1259993293463359488', '2020-05-12 08:58:58', '1', '1259876479894949888');
INSERT INTO `memorial_order` VALUES ('1260011585267699712', '1255432576005443584', '', '1259993293463359488', '2020-05-12 08:59:06', '1', '1259876479894949888');
INSERT INTO `memorial_order` VALUES ('1260012411168100352', '1259744049213083648', '', '1259837182122790912', '2020-05-12 09:02:23', '1', '1259876479894949888');
INSERT INTO `memorial_order` VALUES ('1260017210240405504', '1259746624830312448', '', '1260016763194707968', '2020-05-12 09:21:28', '3', '1259876479894949888');
INSERT INTO `memorial_order` VALUES ('1260018968207429632', '1259744049213083648', '', '1259835441960587264', '2020-05-12 09:28:27', '1', '1259876479894949888');
INSERT INTO `memorial_order` VALUES ('1260019028081119232', '1259746219106897920', '', '1259835441960587264', '2020-05-12 09:28:41', '1', '1259876479894949888');
INSERT INTO `memorial_order` VALUES ('1260026044023443456', '1255432576005443584', '', '1260025771909582848', '2020-05-12 09:56:34', '1', '1259876479894949888');
INSERT INTO `memorial_order` VALUES ('1260026087203803136', '1255432576005443584', '🙏', '1260025771909582848', '2020-05-12 09:56:44', '3', '1259876479894949888');
INSERT INTO `memorial_order` VALUES ('1260026141889138688', '1259744049213083648', '缅怀逝者，致敬重生！', '1260025707124363264', '2020-05-12 09:56:57', '3', '1259876479894949888');
INSERT INTO `memorial_order` VALUES ('1260028177380675584', '1259744252880097280', '故人已逝，生者如斯。5.12已经过去十二年，愿时间抹去我们的伤痛，愿天堂有足够的爱。愿生者自强不息！', '1260009607196184576', '2020-05-12 10:05:02', '3', '1259876479894949888');
INSERT INTO `memorial_order` VALUES ('1260033101548097536', '1255432576005443584', '', '1259837182122790912', '2020-05-12 10:24:36', '1', '1259876479894949888');
INSERT INTO `memorial_order` VALUES ('1260035469794742272', '1255432576005443584', '', '1260035082832449536', '2020-05-12 10:34:01', '3', '1259876479894949888');
INSERT INTO `memorial_order` VALUES ('1260046888506363904', '1259744252880097280', '故人已逝，生者如斯。愿安好🙏 🙏 🙏', '1260002137174315008', '2020-05-12 11:19:23', '3', '1259876479894949888');
INSERT INTO `memorial_order` VALUES ('1260047872141955072', '1255432576005443584', '', '1259993293463359488', '2020-05-12 11:23:18', '1', '1259876479894949888');
INSERT INTO `memorial_order` VALUES ('1260049941397639168', '1255432576005443584', '', '1259837182122790912', '2020-05-12 11:31:31', '1', '1259876479894949888');
INSERT INTO `memorial_order` VALUES ('1260058038077886464', '1259744049213083648', '', '1259835441960587264', '2020-05-12 12:03:42', '1', '1259876479894949888');
INSERT INTO `memorial_order` VALUES ('1260058070302724096', '1259744049213083648', '', '1259835441960587264', '2020-05-12 12:03:49', '1', '1259876479894949888');
INSERT INTO `memorial_order` VALUES ('1260059885354225664', '1255432576005443584', '绵阳人前来追思牺牲的同胞，愿你们在天堂在无悲痛。感谢那些在灾难面前奋不顾身救援我们灾区的英雄。', '1260059048208896000', '2020-05-12 12:11:02', '3', '1259876479894949888');
INSERT INTO `memorial_order` VALUES ('1260063871490723840', '1259747354173640704', '', '1259835441960587264', '2020-05-12 12:26:52', '1', '1259876479894949888');
INSERT INTO `memorial_order` VALUES ('1260066992732377088', '1259744334136348672', '逝者已矣，生者如斯', '1260046206000828416', '2020-05-12 12:39:17', '3', '1259876479894949888');
INSERT INTO `memorial_order` VALUES ('1260067000730914816', '1259744252880097280', '🙏', '1260014950638817280', '2020-05-12 12:39:19', '3', '1259876479894949888');
INSERT INTO `memorial_order` VALUES ('1260073763454717952', '1259744049213083648', '', '1260073484688691200', '2020-05-12 13:06:11', '1', '1259876479894949888');
INSERT INTO `memorial_order` VALUES ('1260074613728219136', '1259744252880097280', '故人已逝，生者如斯。5.12已经过去十二年，愿时间抹去我们的伤痛，愿天堂有足够的爱。愿生者自强不息！', '1260027136731910144', '2020-05-12 13:09:34', '3', '1259876479894949888');
INSERT INTO `memorial_order` VALUES ('1260075994203688960', '1259744049213083648', '缅怀逝者，致敬重生！', '1260073484688691200', '2020-05-12 13:15:03', '3', '1259876479894949888');
INSERT INTO `memorial_order` VALUES ('1260077802951151616', '1259744049213083648', '', '1260077373693497344', '2020-05-12 13:22:14', '3', '1259876479894949888');
INSERT INTO `memorial_order` VALUES ('1260078938030477312', '1255432576005443584', '让灾难远去让大爱永存', '1260076597961166848', '2020-05-12 13:26:45', '3', '1259876479894949888');
INSERT INTO `memorial_order` VALUES ('1260079366403133440', '1255432576005443584', '故人已逝，生者如斯。愿安好！', '1260073064692060160', '2020-05-12 13:28:27', '3', '1259876479894949888');
INSERT INTO `memorial_order` VALUES ('1260082137718198272', '1259744049213083648', '08年的今天，我还是备战高考的高中生，教室里没有空调，很热，热到屋子晃动，都以为是热晕了头脑～没想到，后来却得知如此噩耗。高考的紧迫感，都没能盖过充斥在空气中的悲痛。时间真快，12年过去了，望逝者安息，生者坚强。我们都享受生活，珍惜当下。', '1259871488304091136', '2020-05-12 13:39:27', '3', '1259876479894949888');
INSERT INTO `memorial_order` VALUES ('1260089564777811968', '1259746155340894208', '逝者安息，愿你们在天堂有更美好的生活', '1260086927693058048', '2020-05-12 14:08:58', '3', '1259876479894949888');
INSERT INTO `memorial_order` VALUES ('1260095586665893888', '1259744252880097280', '', '1260095249200582656', '2020-05-12 14:32:54', '3', '1259876479894949888');
INSERT INTO `memorial_order` VALUES ('1260104999648759808', '1259744049213083648', '默哀，致敬', '1260104802604552192', '2020-05-12 15:10:18', '3', '1259876479894949888');
INSERT INTO `memorial_order` VALUES ('1260106516975980544', '1259744252880097280', '逝者生息，生者坚强', '1259998784411275264', '2020-05-12 15:16:20', '3', '1259876479894949888');
INSERT INTO `memorial_order` VALUES ('1260115291657080832', '1259746155340894208', '缅怀逝者，致敬英雄', '1260115068163592192', '2020-05-12 15:51:12', '3', '1259876479894949888');
INSERT INTO `memorial_order` VALUES ('1260115876825403392', '1259744252880097280', '默哀，致敬', '1260115246195019776', '2020-05-12 15:53:32', '3', '1259876479894949888');
INSERT INTO `memorial_order` VALUES ('1260120799071834112', '1259744049213083648', '哀思', '1260086310534778880', '2020-05-12 16:13:05', '3', '1259876479894949888');
INSERT INTO `memorial_order` VALUES ('1260121687949709312', '1259744252880097280', '哀思', '1260106755535409152', '2020-05-12 16:16:37', '3', '1259876479894949888');
INSERT INTO `memorial_order` VALUES ('1260121871022690304', '1259744624143110144', '哀思', '1260106755535409152', '2020-05-12 16:17:21', '3', '1259876479894949888');
INSERT INTO `memorial_order` VALUES ('1260123296087805952', '1259744049213083648', '', '1260122391556788224', '2020-05-12 16:23:00', '3', '1259876479894949888');
INSERT INTO `memorial_order` VALUES ('1260154344796459008', '1255432576005443584', '哀悼512', '1260067935544807424', '2020-05-12 18:26:23', '3', '1259876479894949888');
INSERT INTO `memorial_order` VALUES ('1260171433389199360', '1255432576005443584', '', '1260005340313948160', '2020-05-12 19:34:17', '3', '1259876479894949888');
INSERT INTO `memorial_order` VALUES ('1260174119668944896', '1255432576005443584', '哀悼512', '1260064989272739840', '2020-05-12 19:44:58', '3', '1259876479894949888');
INSERT INTO `memorial_order` VALUES ('1260206345529987072', '1259746155340894208', '', '1260206101417299968', '2020-05-12 21:53:01', '3', '1259876479894949888');
INSERT INTO `memorial_order` VALUES ('1260207656178683904', '1259744252880097280', '', '1260207525010214912', '2020-05-12 21:58:13', '3', '1259876479894949888');
INSERT INTO `memorial_order` VALUES ('1260593616502525952', '1255432576005443584', '', '1260206101417299968', '2020-05-13 23:31:54', '1', '1259876479894949888');
INSERT INTO `memorial_order` VALUES ('1260593669061349376', '1255432576005443584', '', '1260206101417299968', '2020-05-13 23:32:06', '1', '1259876479894949888');
INSERT INTO `memorial_order` VALUES ('1260594489035198464', '1255432576005443584', '让灾难远去让大爱永存', '1260206101417299968', '2020-05-13 23:35:22', '1', '1259876479894949888');
INSERT INTO `memorial_order` VALUES ('1260594616877584384', '1255432576005443584', '让灾难远去让大爱永存', '1260206101417299968', '2020-05-13 23:35:52', '1', '1259876479894949888');
INSERT INTO `memorial_order` VALUES ('1260594673316139008', '1255432576005443584', '让灾难远去让大爱永存', '1260206101417299968', '2020-05-13 23:36:05', '1', '1259876479894949888');
INSERT INTO `memorial_order` VALUES ('1260594927025393664', '1255432576005443584', '让灾难远去让大爱永存', '1260206101417299968', '2020-05-13 23:37:06', '1', '1259876479894949888');
INSERT INTO `memorial_order` VALUES ('1260595691252748288', '1259746219106897920', '感恩有你——致敬英雄', '1259868955074498560', '2020-05-13 23:40:08', '3', '1259876479894949888');
INSERT INTO `memorial_order` VALUES ('1260596181646577664', '1255432576005443584', '让灾难远去让大爱永存', '1260595912732971008', '2020-05-13 23:42:05', '1', '1259876479894949888');
INSERT INTO `memorial_order` VALUES ('1260596210981539840', '1255432576005443584', '让灾难远去让大爱永存', '1260595912732971008', '2020-05-13 23:42:12', '3', '1259876479894949888');
INSERT INTO `memorial_order` VALUES ('1260762453587922944', '1259744049213083648', '', '1259835441960587264', '2020-05-14 10:42:47', '1', '1259876479894949888');
INSERT INTO `memorial_order` VALUES ('1261509446702600192', '1259746155340894208', '', '1260002519598370816', '2020-05-16 12:11:04', '3', '1259876479894949888');
INSERT INTO `memorial_order` VALUES ('1261539729699115008', '1259747147629334528', '现在', '1259871488304091136', '2020-05-16 14:11:24', '1', '1259876479894949888');
INSERT INTO `memorial_order` VALUES ('1261971807142023168', '1255432576005443584', '', '1261971231545102336', '2020-05-17 18:48:20', '3', '1259876479894949888');
INSERT INTO `memorial_order` VALUES ('1261995078734450688', '1259744049213083648', '', '1261994020176007168', '2020-05-17 20:20:48', '3', '1259876479894949888');
INSERT INTO `memorial_order` VALUES ('1262743512877764608', '1255432576005443584', '致敬', '1262743380371312640', '2020-05-19 21:54:49', '3', '1259876479894949888');
INSERT INTO `memorial_order` VALUES ('1265470429787721728', '1259744049213083648', '', '1260002519598370816', '2020-05-27 10:30:36', '3', '1259876479894949888');
INSERT INTO `memorial_order` VALUES ('1265564979520737280', '1255432576005443584', '就肯定会炒房客巨斧洛克如风接待客户反馈哈速度放缓的开发立刻就都是垃圾地方睡觉拉课时费发你考虑是否夸美纽斯肯定没法，什么的，丰盛的饭菜的，方面，爱马仕的，方面莫斯科的门禁卡没事的', '1259444258834878464', '2020-05-27 16:46:19', '1', '1265564350672932864');
INSERT INTO `memorial_order` VALUES ('1265565030968070144', '1255432576005443584', '就肯定会炒房客巨斧洛克如风接待客户反馈哈速度放缓的开发立刻就都是垃圾地方睡觉拉课时费发你考虑是否夸美纽斯肯定没法，什么的，丰盛的饭菜的，方面，爱马仕的，方面莫斯科的门禁卡没事的', '1259444258834878464', '2020-05-27 16:46:31', '1', '1265564350672932864');
INSERT INTO `memorial_order` VALUES ('1267304508363509760', '1255432576005443584', 'u大哥就发个就发个的肌肤', '1259445314927071232', '2020-06-01 11:58:35', '1', '1259876479894949888');
INSERT INTO `memorial_order` VALUES ('1267304518681497600', '1255432576005443584', 'u大哥就发个就发个的肌肤', '1259445314927071232', '2020-06-01 11:58:37', '1', '1259876479894949888');
INSERT INTO `memorial_order` VALUES ('1267333946786582528', '1255432576005443584', 'エネの', '1259445314927071232', '2020-06-01 13:55:33', '1', '1259876479894949888');
INSERT INTO `memorial_order` VALUES ('1268738634551529472', '1255432576005443584', '', '1259999466333802496', '2020-06-05 10:57:17', '1', '1259876479894949888');
INSERT INTO `memorial_order` VALUES ('1270303383818997760', '1259747147629334528', '宦海浮沉', '1267741421180424192', '2020-06-09 18:35:02', '1', '1259876479894949888');
INSERT INTO `memorial_order` VALUES ('1270338043844366336', '1259747354173640704', '宜家家居', '1267741421180424192', '2020-06-09 20:52:46', '1', '1259876479894949888');
INSERT INTO `memorial_order` VALUES ('1270338059908550656', '1259747354173640704', '宜家家居', '1267741421180424192', '2020-06-09 20:52:50', '1', '1259876479894949888');
INSERT INTO `memorial_order` VALUES ('1270518702927908864', '1259744049213083648', '', '1270517440069111808', '2020-06-10 08:50:39', '1', '1259876479894949888');
INSERT INTO `memorial_order` VALUES ('1270916207033323520', '1255432576005443584', null, '1259444258834878464', '2020-06-11 11:10:11', '1', '1259876479894949888');
INSERT INTO `memorial_order` VALUES ('1270916284095270912', '1255432576005443584', null, '1259444258834878464', '2020-06-11 11:10:29', '1', '1265600407921627136');
INSERT INTO `memorial_order` VALUES ('1270917270268416000', '1255432576005443584', null, '1259999466333802496', '2020-06-11 11:14:24', '1', '1259876479894949888');
INSERT INTO `memorial_order` VALUES ('1270920530496720896', '1255432576005443584', '啊啊啊啊啊啊啊啊啊啊啊啊啊啊啊啊啊啊啊从', '1259999466333802496', '2020-06-11 11:27:22', '1', '1259876479894949888');
INSERT INTO `memorial_order` VALUES ('1270920546636402688', '1255432576005443584', '啊啊啊啊啊啊啊啊啊啊啊啊啊啊啊啊啊啊啊从', '1259999466333802496', '2020-06-11 11:27:26', '1', '1259876479894949888');
INSERT INTO `memorial_order` VALUES ('1270920833086394368', '1255432576005443584', '啊啊啊啊啊啊啊啊啊啊啊啊啊啊啊啊啊啊啊从', '1259999466333802496', '2020-06-11 11:28:34', '1', '1259876479894949888');
INSERT INTO `memorial_order` VALUES ('1270920950203944960', '1255432576005443584', '哇哇哇哇哇哇哇哇哇哇哇哇哇哇', '1259999466333802496', '2020-06-11 11:29:02', '1', '1259876479894949888');
INSERT INTO `memorial_order` VALUES ('1270955180887773184', '1255432576005443584', '1', '1259999466333802496', '2020-06-11 13:45:03', '1', '1270947618603798528');
INSERT INTO `memorial_order` VALUES ('1270956018674831360', '1255432576005443584', '加到几点就', '1267741421180424192', '2020-06-11 13:48:23', '1', '1270947618603798528');
INSERT INTO `memorial_order` VALUES ('1270956146760486912', '1255432576005443584', '党建党建的', '1267741421180424192', '2020-06-11 13:48:53', '1', '1259876479894949888');
INSERT INTO `memorial_order` VALUES ('1270956236464066560', '1255432576005443584', '111', '1259999466333802496', '2020-06-11 13:49:15', '1', '1270947618603798528');
INSERT INTO `memorial_order` VALUES ('1270956489225408512', '1259744049213083648', '你信不信', '1267741421180424192', '2020-06-11 13:50:15', '1', '1270946175142465536');
INSERT INTO `memorial_order` VALUES ('1270957488186986496', '1255432576005443584', '', '1267741421180424192', '2020-06-11 13:54:13', '3', '1270957413670981632');
INSERT INTO `memorial_order` VALUES ('1270957613185634304', '1255432576005443584', '减肥法绝对绝对', '1267741421180424192', '2020-06-11 13:54:43', '3', '1270957413670981632');
INSERT INTO `memorial_order` VALUES ('1270957803271491584', '1255432576005443584', '想你想你的', '1267741421180424192', '2020-06-11 13:55:28', '1', '1259876479894949888');
INSERT INTO `memorial_order` VALUES ('1270974238626549760', '1255432576005443584', '5555', '1259999466333802496', '2020-06-11 15:00:47', '1', '1259876479894949888');
INSERT INTO `memorial_order` VALUES ('1270974331597492224', '1255432576005443584', '5555', '1259999466333802496', '2020-06-11 15:01:09', '1', '1259876479894949888');
INSERT INTO `memorial_order` VALUES ('1270974508001529856', '1255432576005443584', '吧', '1259999466333802496', '2020-06-11 15:01:51', '1', '1259876479894949888');
INSERT INTO `memorial_order` VALUES ('1270975296589402112', '1255432576005443584', '', '1270517440069111808', '2020-06-11 15:04:59', '1', '1270957413670981632');
INSERT INTO `memorial_order` VALUES ('1270975392693489664', '1255432576005443584', '', '1270517440069111808', '2020-06-11 15:05:22', '3', '1270957413670981632');
INSERT INTO `memorial_order` VALUES ('1270976975892254720', '1255432576005443584', '1', '1259999466333802496', '2020-06-11 15:11:39', '1', '12598764798949491232131');
INSERT INTO `memorial_order` VALUES ('1270976983278424064', '1255432576005443584', '1', '1259999466333802496', '2020-06-11 15:11:41', '1', '12598764798949491232131');
INSERT INTO `memorial_order` VALUES ('1270976989410496512', '1255432576005443584', '', '1270517440069111808', '2020-06-11 15:11:43', '1', '1270957413670981632');
INSERT INTO `memorial_order` VALUES ('1270977018212782080', '1255432576005443584', '', '1270517440069111808', '2020-06-11 15:11:49', '3', '1270957413670981632');
INSERT INTO `memorial_order` VALUES ('1270977074835886080', '1255432576005443584', '1', '1259999466333802496', '2020-06-11 15:12:03', '3', '12598764798949491232131');
INSERT INTO `memorial_order` VALUES ('1270984127612588032', '1255432576005443584', '', '1270517440069111808', '2020-06-11 15:40:04', '3', '1265944861589245952');
INSERT INTO `memorial_order` VALUES ('1270984562532552704', '1255432576005443584', '那些那些想你想你想快点快点快点的', '1267741421180424192', '2020-06-11 15:41:48', '3', '1259876479894949888');
INSERT INTO `memorial_order` VALUES ('1270985118865035264', '1255432576005443584', '。想你想你', '1267741421180424192', '2020-06-11 15:44:01', '3', '1270985037382291456');
INSERT INTO `memorial_order` VALUES ('1270985216881725440', '1255432576005443584', '那些就像你', '1267741421180424192', '2020-06-11 15:44:24', '1', '1270985037382291456');
INSERT INTO `memorial_order` VALUES ('1270985217515065344', '1255432576005443584', '那些就像你', '1267741421180424192', '2020-06-11 15:44:24', '3', '1270985037382291456');
INSERT INTO `memorial_order` VALUES ('1270987537091006464', '1255432576005443584', '就地就地就地就是', '1267741421180424192', '2020-06-11 15:53:37', '3', '1270985037382291456');
INSERT INTO `memorial_order` VALUES ('1270996985280860160', '1255432576005443584', '加到几点就', '1267741421180424192', '2020-06-11 16:31:10', '3', '1259876479894949888');
INSERT INTO `memorial_order` VALUES ('1270997367168045056', '1255432576005443584', '孩子你喜欢', '1267741421180424192', '2020-06-11 16:32:41', '3', '1265944861589245952');
INSERT INTO `memorial_order` VALUES ('1271002122627977216', '1255432576005443584', '就是啥时候都会方法和发挥好的互粉互粉互粉互粉互粉互粉互粉互粉互粉互粉互粉互粉互粉互粉互粉互粉互粉经常出差吃吃饭互粉互粉互粉互粉互粉互粉互粉互粉互粉互粉互粉互粉衣服经常粉红粉红粉红粉红粉红', '1267741421180424192', '2020-06-11 16:51:35', '3', '1259876479894949888');
INSERT INTO `memorial_order` VALUES ('1271008238489440256', '1255432576005443584', '男的女的', '1267741421180424192', '2020-06-11 17:15:53', '3', '1271008150790737920');
INSERT INTO `memorial_order` VALUES ('1271014765812125696', '1255432576005443584', '', '1267741421180424192', '2020-06-11 17:41:49', '3', '1270947618603798528');
INSERT INTO `memorial_order` VALUES ('1271014794207563776', '1259744049213083648', '', '1267741421180424192', '2020-06-11 17:41:56', '3', '1270947618603798528');
INSERT INTO `memorial_order` VALUES ('1271014816617730048', '1259744252880097280', '', '1267741421180424192', '2020-06-11 17:42:01', '3', '1270947618603798528');
INSERT INTO `memorial_order` VALUES ('1271014844191084544', '1259744334136348672', '', '1267741421180424192', '2020-06-11 17:42:08', '3', '1270947618603798528');
INSERT INTO `memorial_order` VALUES ('1271014868325109760', '1259744486267949056', '', '1267741421180424192', '2020-06-11 17:42:14', '3', '1270947618603798528');
INSERT INTO `memorial_order` VALUES ('1271014896791851008', '1259744550105255936', '', '1267741421180424192', '2020-06-11 17:42:20', '3', '1270947618603798528');
INSERT INTO `memorial_order` VALUES ('1271015104619614208', '1259744624143110144', '', '1267741421180424192', '2020-06-11 17:43:10', '3', '1270947618603798528');
INSERT INTO `memorial_order` VALUES ('1271015132125859840', '1259746034616242176', '', '1267741421180424192', '2020-06-11 17:43:16', '3', '1270947618603798528');
INSERT INTO `memorial_order` VALUES ('1271015194117672960', '1259746155340894208', '9继续加到几点到几点就', '1267741421180424192', '2020-06-11 17:43:31', '3', '1270947618603798528');
INSERT INTO `memorial_order` VALUES ('1271015235712585728', '1259746219106897920', '减肥减肥放假', '1267741421180424192', '2020-06-11 17:43:41', '3', '1270947618603798528');
INSERT INTO `memorial_order` VALUES ('1271015295649189888', '1259746555334889472', '机动警察', '1267741421180424192', '2020-06-11 17:43:55', '3', '1270947618603798528');
INSERT INTO `memorial_order` VALUES ('1271015334614274048', '1259746326216839168', '你猜你猜呢', '1267741421180424192', '2020-06-11 17:44:05', '3', '1270947618603798528');
INSERT INTO `memorial_order` VALUES ('1271015373654855680', '1259746624830312448', '', '1267741421180424192', '2020-06-11 17:44:14', '3', '1270947618603798528');
INSERT INTO `memorial_order` VALUES ('1271015429510402048', '1259746688055250944', '那些年想你想', '1267741421180424192', '2020-06-11 17:44:27', '3', '1270947618603798528');
INSERT INTO `memorial_order` VALUES ('1271015464146964480', '1259747147629334528', '加到几点就', '1267741421180424192', '2020-06-11 17:44:36', '3', '1270947618603798528');
INSERT INTO `memorial_order` VALUES ('1271015497101611008', '1259747147629334528', '还打不打', '1267741421180424192', '2020-06-11 17:44:43', '3', '1270947618603798528');
INSERT INTO `memorial_order` VALUES ('1271015531494903808', '1259747354173640704', '难兄难弟', '1267741421180424192', '2020-06-11 17:44:52', '3', '1270947618603798528');
INSERT INTO `memorial_order` VALUES ('1271015566391513088', '1259747514140200960', '不方便反腐败', '1267741421180424192', '2020-06-11 17:45:00', '3', '1270947618603798528');
INSERT INTO `memorial_order` VALUES ('1271015892699975680', '1259747354173640704', '不行不行', '1267741421180424192', '2020-06-11 17:46:18', '3', '1270947618603798528');
INSERT INTO `memorial_order` VALUES ('1273499160355672064', '1255432576005443584', '测试一下就行了。积极鸡腿面泼妇姑姑哦你都去湖蓝色你摸猪头路慕容医用你摸你在8486楼', '1259999466333802496', '2020-06-18 14:13:55', '3', '1265944861589245952');
INSERT INTO `memorial_order` VALUES ('1273499444792397824', '1255432576005443584', '4544543环绕太阳的他的任务我v挂号费太阳的光辉从法国v', '1259999466333802496', '2020-06-18 14:15:03', '3', '1265944861589245952');
INSERT INTO `memorial_order` VALUES ('1273499545409556480', '1255432576005443584', '4544543环绕太阳的他的任务我v挂号费太阳的光辉从法国v', '1259999466333802496', '2020-06-18 14:15:27', '3', '1265944861589245952');
INSERT INTO `memorial_order` VALUES ('1273499696693907456', '1255432576005443584', '酒醉么热沐浴我呢恭喜我OMG您嘻嘻嘻嘻哦民工你以为凶你住排除', '1259999466333802496', '2020-06-18 14:16:03', '3', '1265944861589245952');
INSERT INTO `memorial_order` VALUES ('1273542438211948544', '1255432576005443584', null, '1259444258834878464', '2020-06-18 17:05:53', '3', '1265598416289927168');
INSERT INTO `memorial_order` VALUES ('1273542798729154560', '1255432576005443584', null, '1259444258834878464', '2020-06-18 17:07:19', '3', '1265598416289927168');
INSERT INTO `memorial_order` VALUES ('1273543032377053184', '1255432576005443584', null, '1259444258834878464', '2020-06-18 17:08:15', '3', '1265598416289927168');
INSERT INTO `memorial_order` VALUES ('1273544041866334208', '1255432576005443584', null, '1259444258834878464', '2020-06-18 17:12:16', '3', '1265598416289927168');
INSERT INTO `memorial_order` VALUES ('1273544251120160768', '1255432576005443584', null, '1259444258834878464', '2020-06-18 17:13:05', '3', '1265598416289927168');
INSERT INTO `memorial_order` VALUES ('1273563360310464512', '1255432576005443584', '', '1259999466333802496', '2020-06-18 18:29:01', '3', '1259876479894949888');
INSERT INTO `memorial_order` VALUES ('1273564662608302080', '1255432576005443584', '111', '1259999466333802496', '2020-06-18 18:34:12', '3', '12598764798949491232131');
INSERT INTO `memorial_order` VALUES ('1273565255007604736', '1255432576005443584', '', '1267741421180424192', '2020-06-18 18:36:33', '3', '1273451483286867968');
INSERT INTO `memorial_order` VALUES ('1273565266583883776', '1255432576005443584', '携家带口', '1267741421180424192', '2020-06-18 18:36:36', '3', '1273451483286867968');
INSERT INTO `memorial_order` VALUES ('1273565271415721984', '1255432576005443584', '携家带口', '1267741421180424192', '2020-06-18 18:36:37', '3', '1273451483286867968');
INSERT INTO `memorial_order` VALUES ('1273565306396217344', '1259744486267949056', '为谔谔', '1259999466333802496', '2020-06-18 18:36:45', '1', '1259876479894949888');
INSERT INTO `memorial_order` VALUES ('1273565796932653056', '1259744486267949056', '为谔谔', '1259999466333802496', '2020-06-18 18:38:42', '1', '1259876479894949888');
INSERT INTO `memorial_order` VALUES ('1273565797729570816', '1259744486267949056', '为谔谔', '1259999466333802496', '2020-06-18 18:38:43', '1', '1259876479894949888');
INSERT INTO `memorial_order` VALUES ('1273565798362910720', '1259744486267949056', '为谔谔', '1259999466333802496', '2020-06-18 18:38:43', '1', '1259876479894949888');
INSERT INTO `memorial_order` VALUES ('1273565799130468352', '1259744486267949056', '为谔谔', '1259999466333802496', '2020-06-18 18:38:43', '1', '1259876479894949888');
INSERT INTO `memorial_order` VALUES ('1273565923378335744', '1259744486267949056', '为谔谔', '1259999466333802496', '2020-06-18 18:39:13', '1', '1259876479894949888');
INSERT INTO `memorial_order` VALUES ('1273566214769217536', '1259744252880097280', '111', '1259999466333802496', '2020-06-18 18:40:22', '1', '1259876479894949888');
INSERT INTO `memorial_order` VALUES ('1273566594894794752', '1259744252880097280', '112', '1259999466333802496', '2020-06-18 18:41:53', '1', '1259876479894949888');
INSERT INTO `memorial_order` VALUES ('1273566602431959040', '1259744252880097280', '112', '1259999466333802496', '2020-06-18 18:41:54', '1', '1259876479894949888');
INSERT INTO `memorial_order` VALUES ('1273567052677910528', '1259744252880097280', '我问问', '1259999466333802496', '2020-06-18 18:43:42', '1', '1259876479894949888');
INSERT INTO `memorial_order` VALUES ('1273567064807837696', '1259744252880097280', '我问问', '1259999466333802496', '2020-06-18 18:43:45', '1', '1259876479894949888');
INSERT INTO `memorial_order` VALUES ('1273567071921377280', '1259744252880097280', '我问问', '1259999466333802496', '2020-06-18 18:43:46', '1', '1259876479894949888');
INSERT INTO `memorial_order` VALUES ('1273567121422553088', '1259744252880097280', '我问问', '1259999466333802496', '2020-06-18 18:43:58', '1', '1259876479894949888');
INSERT INTO `memorial_order` VALUES ('1273567130247368704', '1259744252880097280', '我问问', '1259999466333802496', '2020-06-18 18:44:00', '1', '1259876479894949888');
INSERT INTO `memorial_order` VALUES ('1273567560377438208', '1255432576005443584', '88888', '1259999466333802496', '2020-06-18 18:45:43', '3', '1259876479894949888');
INSERT INTO `memorial_order` VALUES ('1273567620817358848', '1259744252880097280', '7777', '1259999466333802496', '2020-06-18 18:45:57', '1', '1259876479894949888');
INSERT INTO `memorial_order` VALUES ('1273568076079697920', '1259744049213083648', '', '1270517440069111808', '2020-06-18 18:47:46', '1', '1259876479894949888');
INSERT INTO `memorial_order` VALUES ('1273568166731190272', '1255432576005443584', '免费的可以买', '1259999466333802496', '2020-06-18 18:48:07', '3', '1259876479894949888');
INSERT INTO `memorial_order` VALUES ('1273568252051722240', '1255432576005443584', '', '1270517440069111808', '2020-06-18 18:48:28', '3', '1259876479894949888');
INSERT INTO `memorial_order` VALUES ('1273568310629371904', '1255432576005443584', '', '1270517440069111808', '2020-06-18 18:48:42', '3', '1259876479894949888');
INSERT INTO `memorial_order` VALUES ('1273568473657774080', '1259744252880097280', '微微发热', '1259999466333802496', '2020-06-18 18:49:21', '1', '1259876479894949888');
INSERT INTO `memorial_order` VALUES ('1273568485385048064', '1259744252880097280', '微微发热', '1259999466333802496', '2020-06-18 18:49:23', '1', '1259876479894949888');
INSERT INTO `memorial_order` VALUES ('1273568489709375488', '1259744252880097280', '微微发热', '1259999466333802496', '2020-06-18 18:49:24', '1', '1259876479894949888');
INSERT INTO `memorial_order` VALUES ('1273568493731713024', '1259744252880097280', '微微发热', '1259999466333802496', '2020-06-18 18:49:25', '1', '1259876479894949888');
INSERT INTO `memorial_order` VALUES ('1273568499406606336', '1259744252880097280', '微微发热', '1259999466333802496', '2020-06-18 18:49:27', '1', '1259876479894949888');
INSERT INTO `memorial_order` VALUES ('1273568664775430144', '1259744252880097280', '微微发热', '1259999466333802496', '2020-06-18 18:50:06', '1', '1259876479894949888');
INSERT INTO `memorial_order` VALUES ('1273568669259141120', '1259744252880097280', '微微发热', '1259999466333802496', '2020-06-18 18:50:07', '1', '1259876479894949888');
INSERT INTO `memorial_order` VALUES ('1273568688188035072', '1259744252880097280', '微微发热', '1259999466333802496', '2020-06-18 18:50:12', '1', '1259876479894949888');
INSERT INTO `memorial_order` VALUES ('1273568901434839040', '1259744049213083648', '', '1270517440069111808', '2020-06-18 18:51:03', '1', '1273451483286867968');
INSERT INTO `memorial_order` VALUES ('1273569306709463040', '1259744252880097280', '微微发热', '1259999466333802496', '2020-06-18 18:52:39', '1', '1259876479894949888');
INSERT INTO `memorial_order` VALUES ('1273569308408156160', '1259744252880097280', '微微发热', '1259999466333802496', '2020-06-18 18:52:40', '1', '1259876479894949888');
INSERT INTO `memorial_order` VALUES ('1273570329037508608', '1255432576005443584', '兔兔', '1259999466333802496', '2020-06-18 18:56:43', '3', '1259876479894949888');
INSERT INTO `memorial_order` VALUES ('1273570345399488512', '1259744334136348672', '兔兔', '1259999466333802496', '2020-06-18 18:56:47', '1', '1259876479894949888');
INSERT INTO `memorial_order` VALUES ('1273570836514738176', '1255432576005443584', '记得记得', '1267741421180424192', '2020-06-18 18:58:44', '3', '1273448917765328896');
INSERT INTO `memorial_order` VALUES ('1273570918186225664', '1259744252880097280', 'test', '1267741421180424192', '2020-06-18 18:59:03', '1', '1273448917765328896');
INSERT INTO `memorial_order` VALUES ('1273938706104979456', '1255432576005443584', 'ceshi', '1259999466333802496', '2020-06-19 19:20:31', '3', '1273787240899809280');
INSERT INTO `memorial_order` VALUES ('1273938867581489152', '1259744252880097280', 'ceshi', '1259999466333802496', '2020-06-19 19:21:09', '1', '1273787240899809280');
INSERT INTO `memorial_order` VALUES ('1273938896480243712', '1259744252880097280', 'ceshi', '1259999466333802496', '2020-06-19 19:21:16', '1', '1273787240899809280');
INSERT INTO `memorial_order` VALUES ('1273938898241851392', '1259744252880097280', 'ceshi', '1259999466333802496', '2020-06-19 19:21:17', '1', '1273787240899809280');
INSERT INTO `memorial_order` VALUES ('1273938904319397888', '1259744252880097280', 'ceshi', '1259999466333802496', '2020-06-19 19:21:18', '1', '1273787240899809280');
INSERT INTO `memorial_order` VALUES ('1273938905594466304', '1259744252880097280', 'ceshi', '1259999466333802496', '2020-06-19 19:21:18', '1', '1273787240899809280');
INSERT INTO `memorial_order` VALUES ('1273938906437521408', '1259744252880097280', 'ceshi', '1259999466333802496', '2020-06-19 19:21:19', '1', '1273787240899809280');
INSERT INTO `memorial_order` VALUES ('1273939494575411200', '1255432576005443584', 'ceshi', '1259999466333802496', '2020-06-19 19:23:39', '3', '1273787240899809280');
INSERT INTO `memorial_order` VALUES ('1273939639090155520', '1255432576005443584', '', '1259999466333802496', '2020-06-19 19:24:13', '3', '1273787240899809280');
INSERT INTO `memorial_order` VALUES ('1273939749526179840', '1259744252880097280', '', '1259999466333802496', '2020-06-19 19:24:40', '1', '1273787240899809280');
INSERT INTO `memorial_order` VALUES ('1273947514327928832', '1255432576005443584', '', '1259999466333802496', '2020-06-19 19:55:31', '3', '1273787240899809280');
INSERT INTO `memorial_order` VALUES ('1274223858353836032', '1259744049213083648', '111111', '1270245301000736768', '2020-06-20 14:13:36', '1', '1274156652274257920');
INSERT INTO `memorial_order` VALUES ('1274224017468952576', '1255432576005443584', '111111', '1270245301000736768', '2020-06-20 14:14:14', '3', '1274156652274257920');
INSERT INTO `memorial_order` VALUES ('1274224075442622464', '1255432576005443584', '1111', '1270245301000736768', '2020-06-20 14:14:28', '3', '1274156652274257920');
INSERT INTO `memorial_order` VALUES ('1274224133223354368', '1255432576005443584', '222', '1270245301000736768', '2020-06-20 14:14:42', '3', '1274156652274257920');
INSERT INTO `memorial_order` VALUES ('1274240723759271936', '1255432576005443584', '记得记得', '1267741421180424192', '2020-06-20 15:20:37', '3', '1274238682643173376');
INSERT INTO `memorial_order` VALUES ('1274240826301616128', '1255432576005443584', '继续继续', '1267741421180424192', '2020-06-20 15:21:02', '3', '1274238682643173376');
INSERT INTO `memorial_order` VALUES ('1274240968341721088', '1255432576005443584', '', '1267741421180424192', '2020-06-20 15:21:36', '3', '1274238682643173376');
INSERT INTO `memorial_order` VALUES ('1274240984363962368', '1255432576005443584', '', '1267741421180424192', '2020-06-20 15:21:40', '3', '1274238682643173376');
INSERT INTO `memorial_order` VALUES ('1274240995545976832', '1255432576005443584', '', '1267741421180424192', '2020-06-20 15:21:42', '3', '1274238682643173376');
INSERT INTO `memorial_order` VALUES ('1274241006962872320', '1255432576005443584', '', '1267741421180424192', '2020-06-20 15:21:45', '3', '1274238682643173376');
INSERT INTO `memorial_order` VALUES ('1274241030853627904', '1255432576005443584', '', '1267741421180424192', '2020-06-20 15:21:51', '3', '1274238682643173376');
INSERT INTO `memorial_order` VALUES ('1274241150873636864', '1255432576005443584', '', '1267741421180424192', '2020-06-20 15:22:19', '3', '1274238682643173376');
INSERT INTO `memorial_order` VALUES ('1274241185468256256', '1255432576005443584', '', '1267741421180424192', '2020-06-20 15:22:28', '3', '1274238682643173376');
INSERT INTO `memorial_order` VALUES ('1274265359490355200', '1255432576005443584', '333', '1270245301000736768', '2020-06-20 16:58:31', '3', '1274255063153512448');
INSERT INTO `memorial_order` VALUES ('1274307107650408448', '1255432576005443584', '哈哈哈', '1267741421180424192', '2020-06-20 19:44:25', '3', '1274306657794527232');
INSERT INTO `memorial_order` VALUES ('1274862859662266368', '1255432576005443584', '22222', '1270245301000736768', '2020-06-22 08:32:46', '3', '1274255063153512448');
INSERT INTO `memorial_order` VALUES ('1274863499666919424', '1255432576005443584', '就是觉得', '1267741421180424192', '2020-06-22 08:35:19', '3', '1274290948381216768');
INSERT INTO `memorial_order` VALUES ('1274863514594447360', '1255432576005443584', '', '1267741421180424192', '2020-06-22 08:35:22', '3', '1274290948381216768');
INSERT INTO `memorial_order` VALUES ('1274898274964344832', '1255432576005443584', '测试', '1259999466333802496', '2020-06-22 10:53:30', '3', '1274893354789900288');
INSERT INTO `memorial_order` VALUES ('1274902453728448512', '1255432576005443584', '测试', '1259999466333802496', '2020-06-22 11:10:06', '3', '1274893354789900288');
INSERT INTO `memorial_order` VALUES ('1275044612733538304', '1259744252880097280', '', '1267741421180424192', '2020-06-22 20:35:00', '1', '1274989437138374656');
INSERT INTO `memorial_order` VALUES ('1275045621593673728', '1255432576005443584', '', '1267741421180424192', '2020-06-22 20:39:00', '3', '1275045576160972800');
INSERT INTO `memorial_order` VALUES ('1275046338349895680', '1255432576005443584', '加到几点到几点好滴好滴好滴好滴好滴好滴好滴好滴好滴好加到几点到几点好滴好滴好滴好滴好滴好滴好滴好滴好滴好加到几点到几点好滴好滴好滴好滴好滴好滴好滴好滴好滴好加到几点到几点好滴好滴好滴好滴好滴好滴好滴好滴好滴好加到几点到几点好滴好滴好滴好滴好滴好滴好滴好滴好滴好加到几点到几点好滴好滴好滴好滴好滴好滴好滴好滴好滴好加到几点到几点好滴好滴好滴好滴好滴好滴好滴好滴好滴好加到几点到几点好滴好滴好滴好滴好滴好滴好滴好滴好滴好加到几点到几点好滴好滴好滴好滴好滴好滴好滴好滴好滴好加到几点到几点好滴好滴好滴好滴好滴好滴好', '1267741421180424192', '2020-06-22 20:41:51', '3', '1275045576160972800');
INSERT INTO `memorial_order` VALUES ('1275054536263864320', '1255432576005443584', '哈哈哈', '1267741421180424192', '2020-06-22 21:14:25', '3', '1275045576160972800');
INSERT INTO `memorial_order` VALUES ('1275055651336359936', '1255432576005443584', 'ww', '1267741421180424192', '2020-06-22 21:18:51', '3', '1274989437138374656');
INSERT INTO `memorial_order` VALUES ('1275068190778593280', '1255432576005443584', '1221121212121212', '1259999466333802496', '2020-06-22 22:08:41', '3', '1275062666716647424');
INSERT INTO `memorial_order` VALUES ('1275068855504474112', '1255432576005443584', '那些年想你想你', '1267741421180424192', '2020-06-22 22:11:19', '3', '1275068499412258816');
INSERT INTO `memorial_order` VALUES ('1275068897703366656', '1255432576005443584', '能买东西了', '1267741421180424192', '2020-06-22 22:11:30', '3', '1275068499412258816');
INSERT INTO `memorial_order` VALUES ('1275068910454050816', '1255432576005443584', '', '1267741421180424192', '2020-06-22 22:11:33', '3', '1275068499412258816');
INSERT INTO `memorial_order` VALUES ('1275068920340025344', '1255432576005443584', '', '1267741421180424192', '2020-06-22 22:11:35', '3', '1275068499412258816');
INSERT INTO `memorial_order` VALUES ('1275068928535695360', '1255432576005443584', '', '1267741421180424192', '2020-06-22 22:11:37', '3', '1275068499412258816');
INSERT INTO `memorial_order` VALUES ('1275068936085442560', '1255432576005443584', '', '1267741421180424192', '2020-06-22 22:11:39', '3', '1275068499412258816');
INSERT INTO `memorial_order` VALUES ('1275068945992388608', '1255432576005443584', '', '1267741421180424192', '2020-06-22 22:11:41', '3', '1275068499412258816');
INSERT INTO `memorial_order` VALUES ('1275068964577349632', '1255432576005443584', '', '1267741421180424192', '2020-06-22 22:11:45', '3', '1275068499412258816');
INSERT INTO `memorial_order` VALUES ('1275068976656945152', '1255432576005443584', '', '1267741421180424192', '2020-06-22 22:11:48', '3', '1275068499412258816');
INSERT INTO `memorial_order` VALUES ('1275068987511803904', '1255432576005443584', '', '1267741421180424192', '2020-06-22 22:11:51', '3', '1275068499412258816');
INSERT INTO `memorial_order` VALUES ('1275068996638609408', '1255432576005443584', '', '1267741421180424192', '2020-06-22 22:11:53', '3', '1275068499412258816');
INSERT INTO `memorial_order` VALUES ('1275069029618421760', '1255432576005443584', '', '1267741421180424192', '2020-06-22 22:12:01', '3', '1275068499412258816');
INSERT INTO `memorial_order` VALUES ('1275225635823947776', '1255432576005443584', 'a5s4d65as4d6asd465as4dddddddddddddddddddddddddddddddddddddddddddas32222222222222222222222222222222222222222222222222222222222222123333333333333333333333333333333333333333333333333333333333333333333333333333333333333333333333333333333333333333333333333333333333333333333333333333333333333333333333333333333333333333333333333333333333333333333333333333333333333333333333333333333333333333333333333333333333333333333333333333333333333333333333333333333333333333333333333333333333333333333333333333333333', '1270517440069111808', '2020-06-23 08:34:19', '3', '456');
INSERT INTO `memorial_order` VALUES ('1275226322112745472', '1255432576005443584', '111111111111111111111111111111111111111111111111111111111111111111111111 111111111111111111111111111111111111111111111111111111111111111111111111 111111111111111111111111111111111111111111111111111111111111111111111111 111111111111111111111111111111111111111111111111111111111111111111111111 111111111111111111111111111111111111111111111111111111111111111111111111 111111111111111111111111111111111111111111111111111111111111111111111111 11111111111111111111111111111111111111111111111111111111111111', '1259999466333802496', '2020-06-23 08:37:02', '3', '1275062666716647424');
INSERT INTO `memorial_order` VALUES ('1275231154378772480', '1255432576005443584', '念叨念叨念叨大家', '1267741421180424192', '2020-06-23 08:56:15', '3', '1275231018231664640');
INSERT INTO `memorial_order` VALUES ('1275232358831886336', '1259747514140200960', '再见再见再见在', '1267741421180424192', '2020-06-23 09:01:02', '1', '1275231763525931008');
INSERT INTO `memorial_order` VALUES ('1275233503956570112', '1255432576005443584', '', '1267741421180424192', '2020-06-23 09:05:35', '3', '1275233285408165888');
INSERT INTO `memorial_order` VALUES ('1275233523002904576', '1255432576005443584', '', '1267741421180424192', '2020-06-23 09:05:39', '3', '1275233285408165888');
INSERT INTO `memorial_order` VALUES ('1275233556272123904', '1255432576005443584', '手机支架自己在家休息几次崔迪哦我文件夹我就', '1267741421180424192', '2020-06-23 09:05:47', '3', '1275233285408165888');
INSERT INTO `memorial_order` VALUES ('1275234409473249280', '1255432576005443584', '', '1267741421180424192', '2020-06-23 09:09:11', '3', '1275234334898524160');
INSERT INTO `memorial_order` VALUES ('1275240795494027264', '1255432576005443584', '', '1267741421180424192', '2020-06-23 09:34:33', '3', '1275240743983779840');
INSERT INTO `memorial_order` VALUES ('1275240860501544960', '1255432576005443584', '', '1267741421180424192', '2020-06-23 09:34:49', '3', '654');
INSERT INTO `memorial_order` VALUES ('1275240882987208704', '1255432576005443584', '横说竖说', '1267741421180424192', '2020-06-23 09:34:54', '3', '654');
INSERT INTO `memorial_order` VALUES ('1275256659836538880', '1255432576005443584', '', '1267741421180424192', '2020-06-23 10:37:35', '3', '123');
INSERT INTO `memorial_order` VALUES ('1275259974817288192', '1255432576005443584', '', '1267741421180424192', '2020-06-23 10:50:46', '3', '1275259933327233024');
INSERT INTO `memorial_order` VALUES ('1275260203612377088', '1255432576005443584', '男生女生宿舍收拾收拾收拾收拾就', '1267741421180424192', '2020-06-23 10:51:40', '3', '1275260097492291584');
INSERT INTO `memorial_order` VALUES ('1275600636490158080', '1255432576005443584', '34', '1259999466333802496', '2020-06-24 09:24:26', '3', '1275260097492291584');
INSERT INTO `memorial_order` VALUES ('1275635796887605248', '1255432576005443584', '31232', '1259999466333802496', '2020-06-24 11:44:09', '3', '1275259933327233024');
INSERT INTO `memorial_order` VALUES ('1275636964690890752', '1259747147629334528', '1111', '1259444258834878464', '2020-06-24 11:48:47', '1', '1275260097492291584');
INSERT INTO `memorial_order` VALUES ('1275636988405485568', '1259747147629334528', '1111', '1259444258834878464', '2020-06-24 11:48:53', '1', '1275260097492291584');
INSERT INTO `memorial_order` VALUES ('1275637649255829504', '1259747147629334528', '213', '1259999466333802496', '2020-06-24 11:51:30', '3', '1275260097492291584');
INSERT INTO `memorial_order` VALUES ('1275637907255857152', '1259747354173640704', '', '1259999466333802496', '2020-06-24 11:52:32', '3', '1275260097492291584');
INSERT INTO `memorial_order` VALUES ('1275637927518539776', '1259747514140200960', '', '1259999466333802496', '2020-06-24 11:52:37', '3', '1275260097492291584');
INSERT INTO `memorial_order` VALUES ('1275637988486942720', '1255432576005443584', '', '1259999466333802496', '2020-06-24 11:52:51', '3', '1275260097492291584');
INSERT INTO `memorial_order` VALUES ('1275638009391353856', '1255432576005443584', '', '1259999466333802496', '2020-06-24 11:52:56', '3', '1275260097492291584');
INSERT INTO `memorial_order` VALUES ('1275638023249334272', '1255432576005443584', '', '1259999466333802496', '2020-06-24 11:53:00', '3', '1275260097492291584');
INSERT INTO `memorial_order` VALUES ('1275638062780649472', '1255432576005443584', '', '1259999466333802496', '2020-06-24 11:53:09', '3', '1275260097492291584');
INSERT INTO `memorial_order` VALUES ('1275638104685940736', '1255432576005443584', '', '1259999466333802496', '2020-06-24 11:53:19', '3', '1275260097492291584');
INSERT INTO `memorial_order` VALUES ('1275639101193850880', '1259746688055250944', '', '1259999466333802496', '2020-06-24 11:57:17', '3', '1275260097492291584');
INSERT INTO `memorial_order` VALUES ('1275639498843230208', '1259744486267949056', '', '1259999466333802496', '2020-06-24 11:58:51', '3', '1275260097492291584');
INSERT INTO `memorial_order` VALUES ('1275639523635761152', '1259744550105255936', '', '1259999466333802496', '2020-06-24 11:58:57', '3', '1275260097492291584');
INSERT INTO `memorial_order` VALUES ('1275639569341091840', '1259744486267949056', '', '1259999466333802496', '2020-06-24 11:59:08', '3', '1275260097492291584');
INSERT INTO `memorial_order` VALUES ('1275639590987894784', '1259744486267949056', '', '1259999466333802496', '2020-06-24 11:59:13', '3', '1275260097492291584');
INSERT INTO `memorial_order` VALUES ('1275694129510223872', '1259744049213083648', '', '1259999466333802496', '2020-06-24 15:35:56', '3', '1275260097492291584');
INSERT INTO `memorial_order` VALUES ('1275694155623960576', '1259744252880097280', '', '1259999466333802496', '2020-06-24 15:36:03', '3', '1275260097492291584');
INSERT INTO `memorial_order` VALUES ('1275694195998330880', '1259746155340894208', '', '1259999466333802496', '2020-06-24 15:36:12', '3', '1275260097492291584');
INSERT INTO `memorial_order` VALUES ('1275694215212437504', '1259746219106897920', '', '1259999466333802496', '2020-06-24 15:36:17', '3', '1275260097492291584');
INSERT INTO `memorial_order` VALUES ('1275694241787547648', '1259746624830312448', '', '1259999466333802496', '2020-06-24 15:36:23', '3', '1275260097492291584');
INSERT INTO `memorial_order` VALUES ('1275694255809105920', '1259746326216839168', '', '1259999466333802496', '2020-06-24 15:36:26', '3', '1275260097492291584');
INSERT INTO `memorial_order` VALUES ('1275694272154308608', '1259746555334889472', '', '1259999466333802496', '2020-06-24 15:36:30', '3', '1275260097492291584');
INSERT INTO `memorial_order` VALUES ('1275694285940985856', '1259746688055250944', '', '1259999466333802496', '2020-06-24 15:36:34', '3', '1275260097492291584');
INSERT INTO `memorial_order` VALUES ('1275694414160859136', '1259746155340894208', '', '1259999466333802496', '2020-06-24 15:37:04', '3', '1275260097492291584');
INSERT INTO `memorial_order` VALUES ('1275694430090825728', '1259746219106897920', '', '1259999466333802496', '2020-06-24 15:37:08', '3', '1275260097492291584');
INSERT INTO `memorial_order` VALUES ('1275694452912033792', '1259746155340894208', '', '1259999466333802496', '2020-06-24 15:37:13', '3', '1275260097492291584');
INSERT INTO `memorial_order` VALUES ('1275694472201637888', '1259746219106897920', '', '1259999466333802496', '2020-06-24 15:37:18', '3', '1275260097492291584');
INSERT INTO `memorial_order` VALUES ('1275694562093961216', '1259744334136348672', '', '1259999466333802496', '2020-06-24 15:37:40', '3', '1275260097492291584');
INSERT INTO `memorial_order` VALUES ('1275694587528220672', '1259744334136348672', '', '1259999466333802496', '2020-06-24 15:37:46', '3', '1275260097492291584');
INSERT INTO `memorial_order` VALUES ('1275694638199607296', '1259744486267949056', '', '1259999466333802496', '2020-06-24 15:37:58', '3', '1275260097492291584');
INSERT INTO `memorial_order` VALUES ('1275694675877040128', '1259744550105255936', '', '1259999466333802496', '2020-06-24 15:38:07', '3', '1275260097492291584');
INSERT INTO `memorial_order` VALUES ('1275694785134465024', '1259744252880097280', '', '1259999466333802496', '2020-06-24 15:38:33', '3', '1275260097492291584');
INSERT INTO `memorial_order` VALUES ('1275694827576627200', '1259744334136348672', '', '1259999466333802496', '2020-06-24 15:38:43', '3', '1275260097492291584');
INSERT INTO `memorial_order` VALUES ('1275694873814634496', '1259744334136348672', '', '1259999466333802496', '2020-06-24 15:38:54', '3', '1275260097492291584');
INSERT INTO `memorial_order` VALUES ('1275694932207734784', '1259746034616242176', '', '1259999466333802496', '2020-06-24 15:39:08', '3', '1275260097492291584');
INSERT INTO `memorial_order` VALUES ('1275694958237585408', '1259746034616242176', '', '1259999466333802496', '2020-06-24 15:39:14', '3', '1275260097492291584');
INSERT INTO `memorial_order` VALUES ('1275694973341274112', '1259746034616242176', '', '1259999466333802496', '2020-06-24 15:39:18', '3', '1275260097492291584');
INSERT INTO `memorial_order` VALUES ('1275694996690964480', '1259746034616242176', '', '1259999466333802496', '2020-06-24 15:39:23', '3', '1275260097492291584');
INSERT INTO `memorial_order` VALUES ('1275699723038232576', '1255432576005443584', '', '1259999466333802496', '2020-06-24 15:58:10', '3', '1275260097492291584');
INSERT INTO `memorial_order` VALUES ('1275699739744145408', '1259744049213083648', '', '1259999466333802496', '2020-06-24 15:58:14', '3', '1275260097492291584');
INSERT INTO `memorial_order` VALUES ('1275699801320722432', '1259744550105255936', '', '1259999466333802496', '2020-06-24 15:58:29', '3', '1275260097492291584');
INSERT INTO `memorial_order` VALUES ('1275699815556190208', '1259744550105255936', '', '1259999466333802496', '2020-06-24 15:58:32', '3', '1275260097492291584');
INSERT INTO `memorial_order` VALUES ('1275699859269226496', '1259744624143110144', '', '1259999466333802496', '2020-06-24 15:58:42', '3', '1275260097492291584');
INSERT INTO `memorial_order` VALUES ('1275699877925490688', '1259744624143110144', '', '1259999466333802496', '2020-06-24 15:58:47', '3', '1275260097492291584');
INSERT INTO `memorial_order` VALUES ('1275722978419675136', '1255432576005443584', '', '1267741421180424192', '2020-06-24 17:30:34', '3', '1275722896874016768');
INSERT INTO `memorial_order` VALUES ('1275722988767023104', '1255432576005443584', '', '1267741421180424192', '2020-06-24 17:30:37', '3', '1275722896874016768');
INSERT INTO `memorial_order` VALUES ('1275723012724887552', '1255432576005443584', '吧，不想那些细节大家都', '1267741421180424192', '2020-06-24 17:30:43', '3', '1275722896874016768');
INSERT INTO `memorial_order` VALUES ('1275723035793559552', '1255432576005443584', '回到家党建党建党建党建', '1267741421180424192', '2020-06-24 17:30:48', '3', '1275722896874016768');
INSERT INTO `memorial_order` VALUES ('1275723367730778112', '1255432576005443584', '', '1267741421180424192', '2020-06-24 17:32:07', '3', '1275723307160834048');
INSERT INTO `memorial_order` VALUES ('1275723377713221632', '1255432576005443584', '', '1267741421180424192', '2020-06-24 17:32:10', '3', '1275723307160834048');
INSERT INTO `memorial_order` VALUES ('1275723385732730880', '1255432576005443584', '', '1267741421180424192', '2020-06-24 17:32:12', '3', '1275723307160834048');
INSERT INTO `memorial_order` VALUES ('1275723393366364160', '1255432576005443584', '', '1267741421180424192', '2020-06-24 17:32:13', '3', '1275723307160834048');
INSERT INTO `memorial_order` VALUES ('1275729943300542464', '1255432576005443584', '', '1270245301000736768', '2020-06-24 17:58:15', '3', '1274976703151738880');
INSERT INTO `memorial_order` VALUES ('1275732984745562112', '1259744334136348672', '', '1267741421180424192', '2020-06-24 18:10:20', '3', '1275723307160834048');
INSERT INTO `memorial_order` VALUES ('1275733029624614912', '1259744252880097280', '', '1267741421180424192', '2020-06-24 18:10:31', '3', '1275723307160834048');
INSERT INTO `memorial_order` VALUES ('1275733047525904384', '1259744486267949056', '', '1267741421180424192', '2020-06-24 18:10:35', '3', '1275723307160834048');
INSERT INTO `memorial_order` VALUES ('1275733068463869952', '1259746219106897920', '', '1267741421180424192', '2020-06-24 18:10:40', '3', '1275723307160834048');
INSERT INTO `memorial_order` VALUES ('1275733084234452992', '1259744252880097280', '', '1267741421180424192', '2020-06-24 18:10:44', '3', '1275723307160834048');
INSERT INTO `memorial_order` VALUES ('1275733101846335488', '1259744624143110144', '', '1267741421180424192', '2020-06-24 18:10:48', '3', '1275723307160834048');
INSERT INTO `memorial_order` VALUES ('1275733115217776640', '1259744334136348672', '', '1267741421180424192', '2020-06-24 18:10:51', '3', '1275723307160834048');
INSERT INTO `memorial_order` VALUES ('1275733131609116672', '1259744550105255936', '', '1267741421180424192', '2020-06-24 18:10:55', '3', '1275723307160834048');
INSERT INTO `memorial_order` VALUES ('1275733146725388288', '1259744486267949056', '', '1267741421180424192', '2020-06-24 18:10:59', '3', '1275723307160834048');
INSERT INTO `memorial_order` VALUES ('1275733164484071424', '1259746155340894208', '', '1267741421180424192', '2020-06-24 18:11:03', '3', '1275723307160834048');
INSERT INTO `memorial_order` VALUES ('1275733182829957120', '1259746326216839168', '', '1267741421180424192', '2020-06-24 18:11:07', '3', '1275723307160834048');
INSERT INTO `memorial_order` VALUES ('1275733203516264448', '1259746688055250944', '', '1267741421180424192', '2020-06-24 18:11:12', '3', '1275723307160834048');
INSERT INTO `memorial_order` VALUES ('1275733235682381824', '1259747147629334528', '', '1267741421180424192', '2020-06-24 18:11:20', '3', '1275723307160834048');
INSERT INTO `memorial_order` VALUES ('1275733269366837248', '1259747354173640704', '', '1267741421180424192', '2020-06-24 18:11:28', '3', '1275723307160834048');
INSERT INTO `memorial_order` VALUES ('1275733297921658880', '1259747514140200960', '', '1267741421180424192', '2020-06-24 18:11:35', '3', '1275723307160834048');
INSERT INTO `memorial_order` VALUES ('1275733367714877440', '1259746555334889472', '', '1267741421180424192', '2020-06-24 18:11:52', '3', '1275723307160834048');
INSERT INTO `memorial_order` VALUES ('1275734015529324544', '1259747354173640704', '接电话的减肥减肥减的觉得继续继续继续需要的话凤凰城吃点好的接电话的话费话费话不是打电话说嘘嘘吃点别的好多红包都不放过血液循环喜欢', '1267741421180424192', '2020-06-24 18:14:26', '3', '1275723307160834048');
INSERT INTO `memorial_order` VALUES ('1275734266432589824', '1259744049213083648', '嗯真心觉得几点就喜欢的好多好多好多好多好多好吃才吃饭互粉互粉互粉互粉互粉互粉互粉哈哈哈嗯真心觉得几点就喜欢的好多好多好多好多好多好吃才吃饭互粉互粉互粉互粉互粉互粉互粉哈哈哈嗯真心觉得几点就喜欢的好多好多好多好多好多好吃才吃饭互粉互粉互粉互粉互粉互粉互粉哈哈哈嗯真心觉得几点就喜欢的好多好多好多好多好多好吃才吃饭互粉互粉互粉互粉互粉互粉互粉哈哈哈', '1267741421180424192', '2020-06-24 18:15:26', '3', '1275723307160834048');

-- ----------------------------
-- Table structure for memorial_plaza_msg
-- ----------------------------
DROP TABLE IF EXISTS `memorial_plaza_msg`;
CREATE TABLE `memorial_plaza_msg` (
  `id` varchar(255) NOT NULL,
  `user_id` varchar(255) DEFAULT NULL,
  `name` varchar(255) DEFAULT NULL,
  `time` datetime DEFAULT NULL,
  `text` varchar(1000) DEFAULT NULL,
  PRIMARY KEY (`id`)
) ENGINE=InnoDB DEFAULT CHARSET=utf8mb4;

-- ----------------------------
-- Records of memorial_plaza_msg
-- ----------------------------
INSERT INTO `memorial_plaza_msg` VALUES ('1267388784392146944', '1259999466333802496', '小k,兄弟', '2020-06-01 17:33:28', '就会点击播放进度吧v副科级未开放');
INSERT INTO `memorial_plaza_msg` VALUES ('1267647045188063232', '1259999466333802496', '啊小,姐妹', '2020-06-02 10:39:42', '而非那几句各地军阀v更加方便v国会拨款');
INSERT INTO `memorial_plaza_msg` VALUES ('1270339970938310656', '1267741421180424192', '测试姓名,临时关系-他是谁,友谊关系', '2020-06-09 21:00:26', '继续虚假信息就到家');
INSERT INTO `memorial_plaza_msg` VALUES ('1270342459351764992', '1267741421180424192', '大家,闺秀', '2020-06-09 21:10:19', '不行不行');
INSERT INTO `memorial_plaza_msg` VALUES ('1270918122051866624', '1259999466333802496', '好长的名字1,陌生人1号-好长的名字2,陌生人2号', '2020-06-11 11:17:47', '啊啊啊啊啊啊啊啊啊啊啊啊啊啊啊啊啊啊啊啊啊啊啊啊啊啊啊啊啊啊啊啊啊啊啊啊啊啊啊啊啊啊啊啊啊啊啊啊啊啊啊啊啊啊啊啊啊啊啊啊啊啊啊啊啊啊啊啊啊啊啊啊啊啊啊啊啊啊啊啊啊啊啊啊啊啊啊啊啊啊啊啊啊啊啊啊啊啊啊啊啊啊啊啊啊啊啊啊啊啊啊啊啊啊啊啊啊啊啊啊啊啊啊啊啊啊啊啊啊啊啊啊啊啊啊啊啊啊啊啊啊啊啊啊啊啊啊啊啊啊啊啊');
INSERT INTO `memorial_plaza_msg` VALUES ('1270925296857649152', '1259999466333802496', '11,22', '2020-06-11 11:46:18', '11111111111');
INSERT INTO `memorial_plaza_msg` VALUES ('1270925416475004928', '1259999466333802496', '人,谁', '2020-06-11 11:46:47', '额外的和文化方法和');
INSERT INTO `memorial_plaza_msg` VALUES ('1270926042609094656', '1259999466333802496', '66,99', '2020-06-11 11:49:16', '5555555555555555555555555555555555555555555555555555555555555555555555555555555555555555555555555555555555555555555555555555555555555555555555555555555555555555555555555555555555555555555555555555555555555');
INSERT INTO `memorial_plaza_msg` VALUES ('1270926804336644096', '1259999466333802496', '77,44', '2020-06-11 11:52:17', '22222222222222222222222222222222222222222222222222222222222222222222222222222222222222222222222222222222222222222222222222222222222222222222222222222222222222222222222222222222222222222222222222222222222222222222222222222222222222222222222222222222222222222222222222222222222222222222222222222222222222222222222222222222222222222222222222222222222222222222222222222222222222222222222222222222222222222222222222222222222222222222222222222222222222222222222222222222222222222222222222222222222222222222');
INSERT INTO `memorial_plaza_msg` VALUES ('1270927041541312512', '1259999466333802496', '33,44', '2020-06-11 11:53:14', '啊啊啊啊啊啊啊啊啊啊啊啊啊啊啊啊啊啊啊啊啊啊啊啊啊啊啊啊啊啊啊啊啊啊啊啊啊啊啊啊啊啊啊啊啊啊啊啊啊啊啊啊啊啊啊啊啊啊啊啊啊啊啊啊啊啊啊啊啊啊啊啊啊啊啊啊啊啊啊啊啊啊啊啊啊啊啊啊啊啊啊啊啊啊啊啊啊啊啊啊啊啊啊啊啊啊啊啊啊啊啊啊啊啊啊啊啊啊啊啊啊啊啊啊啊啊啊啊啊啊啊啊啊啊啊啊啊啊啊啊啊啊啊啊啊啊啊啊啊啊啊啊啊啊啊啊啊啊啊啊啊啊啊啊啊啊啊啊啊啊啊啊啊啊啊啊啊啊啊啊啊啊啊啊啊啊啊啊啊啊啊啊啊啊啊啊啊啊啊啊啊啊啊啊啊啊啊啊啊啊啊啊啊啊啊啊啊啊啊啊啊啊啊啊啊啊啊啊啊啊啊啊啊啊啊啊啊啊啊啊啊啊啊啊啊啊啊啊啊啊啊啊啊啊啊啊啊啊啊啊啊啊啊啊啊啊啊啊啊啊啊啊啊啊啊啊啊啊啊啊啊啊啊啊啊啊啊啊啊啊啊啊啊啊啊啊啊啊啊啊啊啊啊啊啊啊啊啊啊啊啊啊啊啊啊啊啊啊啊啊啊啊啊啊啊啊啊啊啊啊啊啊啊啊啊啊啊啊啊啊啊啊啊啊啊啊啊啊啊啊啊啊啊啊啊啊啊啊啊啊啊啊啊啊啊啊啊啊啊啊啊啊啊啊啊啊啊啊啊啊啊啊啊啊啊啊啊啊啊啊啊啊啊啊啊啊啊啊啊啊啊啊啊啊啊啊啊啊啊啊啊啊啊啊啊啊啊啊啊啊啊啊啊啊啊啊啊啊啊啊啊啊啊啊啊啊啊啊啊啊啊啊啊啊啊啊啊啊啊啊啊啊啊啊啊啊啊啊啊啊啊啊啊啊啊啊啊啊啊啊啊啊啊啊啊啊啊啊啊啊啊啊啊啊啊啊啊啊啊啊啊啊啊啊啊啊啊啊啊啊');
INSERT INTO `memorial_plaza_msg` VALUES ('1270927926229078016', '1259999466333802496', '22,33', '2020-06-11 11:56:45', '444444');
INSERT INTO `memorial_plaza_msg` VALUES ('1270928602157944832', '1259999466333802496', '32,34', '2020-06-11 11:59:26', '434234423');
INSERT INTO `memorial_plaza_msg` VALUES ('1270998680614342656', '1267741421180424192', '都觉得,外公', '2020-06-11 16:37:54', '喜不喜欢喜欢的好的好的富豪的好的喜不喜欢喜欢的好的好的富豪的好的喜不喜欢喜欢的好的好的富豪的好的喜不喜欢喜欢的好的好的富豪的好的喜不喜欢喜欢的好的好的富豪的好的喜不喜欢喜欢的好的好的富豪的好的喜不喜欢喜欢的好的好的富豪的好的喜不喜欢喜欢的好的好的富豪的好的喜不喜欢喜欢的好的好的富豪的好的党建党建党建党建');
INSERT INTO `memorial_plaza_msg` VALUES ('1271255404290117632', '1270517440069111808', '追思,追思', '2020-06-12 09:38:02', '追思');
INSERT INTO `memorial_plaza_msg` VALUES ('1273433235497553920', '1259999466333802496', '11,22', '2020-06-18 09:51:57', '66');
INSERT INTO `memorial_plaza_msg` VALUES ('1274902885766926336', '1267741421180424192', '测试员,奶奶', '2020-06-22 11:11:49', '测试员测试员');
INSERT INTO `memorial_plaza_msg` VALUES ('1274903012430712832', '1267741421180424192', '传入,测试', '2020-06-22 11:12:19', '好多好多假的假的假的假的假的假的假的党建党建党建党建好多好多假的假的假的假的假的假的假的党建党建党建党建好多好多假的假的假的假的假的假的假的党建党建党建党建好多好多假的假的假的假的假的假的假的党建党建党建党建好多好多假的假的假的假的假的假的假的党建党建党建党建好多好多假的假的假的假的假的假的假的党建党建党建党建好多好多假的假的假的假的假的假的假的党建党建党建党建好多好多假的假的假的假的假的假的假的党建党建党建党建');
INSERT INTO `memorial_plaza_msg` VALUES ('1275062363464273920', '1267741421180424192', 'i哦今,爸爸-好几块,妈妈发', '2020-06-22 21:45:32', '不不不家具一个刚刚才不会胡');
INSERT INTO `memorial_plaza_msg` VALUES ('1275232693583482880', '1267741421180424192', '三人行,呼呼-三人行,呼呼', '2020-06-23 09:02:21', '你想不想奖学金进行的角度这就行');

-- ----------------------------
-- Table structure for memorial_plaza_msg_img
-- ----------------------------
DROP TABLE IF EXISTS `memorial_plaza_msg_img`;
CREATE TABLE `memorial_plaza_msg_img` (
  `id` varchar(255) NOT NULL,
  `img` varchar(255) DEFAULT NULL,
  PRIMARY KEY (`id`)
) ENGINE=InnoDB DEFAULT CHARSET=utf8mb4;

-- ----------------------------
-- Records of memorial_plaza_msg_img
-- ----------------------------
INSERT INTO `memorial_plaza_msg_img` VALUES ('1265178457097244672', 'https://zhuisi-h5.ioiogoo.cn/wapwx/img/logokk.85043f73.png');

-- ----------------------------
-- Table structure for memorial_relation
-- ----------------------------
DROP TABLE IF EXISTS `memorial_relation`;
CREATE TABLE `memorial_relation` (
  `id` varchar(255) NOT NULL,
  `name` varchar(255) DEFAULT NULL,
  PRIMARY KEY (`id`)
) ENGINE=InnoDB DEFAULT CHARSET=utf8mb4;

-- ----------------------------
-- Records of memorial_relation
-- ----------------------------
INSERT INTO `memorial_relation` VALUES ('1265581748037750784', '爷爷');
INSERT INTO `memorial_relation` VALUES ('1265581786021367808', '奶奶');
INSERT INTO `memorial_relation` VALUES ('1265581819697434624', '外公');
INSERT INTO `memorial_relation` VALUES ('1265581848831070208', '外婆');
INSERT INTO `memorial_relation` VALUES ('1265581878103117824', '爸爸');
INSERT INTO `memorial_relation` VALUES ('1265581904544010240', '妈妈');
INSERT INTO `memorial_relation` VALUES ('1265581932297719808', '兄弟');
INSERT INTO `memorial_relation` VALUES ('1265581959149654016', '姐妹');

-- ----------------------------
-- Table structure for memorial_share
-- ----------------------------
DROP TABLE IF EXISTS `memorial_share`;
CREATE TABLE `memorial_share` (
  `id` int(11) NOT NULL AUTO_INCREMENT,
  `img` varchar(255) DEFAULT NULL,
  `title` varchar(255) DEFAULT NULL COMMENT '分享标题',
  `content` varchar(255) DEFAULT NULL COMMENT '分享内容',
  PRIMARY KEY (`id`)
) ENGINE=InnoDB AUTO_INCREMENT=2 DEFAULT CHARSET=utf8mb4;

-- ----------------------------
-- Records of memorial_share
-- ----------------------------
INSERT INTO `memorial_share` VALUES ('1', 'http://h5cdn.zhuisi5.com/58604aa28b064c3b810bb9686376e424', '追思网（统一）', '标题（统一）');

-- ----------------------------
-- Table structure for memorial_shop
-- ----------------------------
DROP TABLE IF EXISTS `memorial_shop`;
CREATE TABLE `memorial_shop` (
  `id` varchar(255) NOT NULL,
  `img` varchar(255) DEFAULT NULL,
  `name` varchar(255) DEFAULT NULL,
  `price` bigint(20) DEFAULT NULL,
  `hour` int(11) DEFAULT NULL COMMENT '小时',
  `time` datetime DEFAULT NULL,
  `state` varchar(255) DEFAULT NULL COMMENT '1单品2套餐',
  PRIMARY KEY (`id`)
) ENGINE=InnoDB DEFAULT CHARSET=utf8mb4;

-- ----------------------------
-- Records of memorial_shop
-- ----------------------------
INSERT INTO `memorial_shop` VALUES ('1255432576005443584', 'http://zhuisi.ioiogoo.cn/c9e924ea33014824babbc9d59b4fbe64', '鲜花一束', '0', '48', '2020-04-29 17:43:46', '1');
INSERT INTO `memorial_shop` VALUES ('1259744049213083648', 'http://zhuisi.ioiogoo.cn/1274612f9b46493fa0efa7ccfacfeb32', '哀思花束', '0', '48', '2020-05-11 15:16:01', '1');
INSERT INTO `memorial_shop` VALUES ('1259744252880097280', 'http://zhuisi.ioiogoo.cn/4f9c49df3eb54e05bac772692319855b', '一炷香', '0', '24', '2020-05-11 15:16:49', '1');
INSERT INTO `memorial_shop` VALUES ('1259744334136348672', 'http://zhuisi.ioiogoo.cn/315005996d8d43beb6911374e5b8c30b', '香火不断', '0', '72', '2020-05-11 15:17:09', '1');
INSERT INTO `memorial_shop` VALUES ('1259744486267949056', 'http://zhuisi.ioiogoo.cn/73325ac00c1146548ebde53098a38926', '冥币1', '0', '24', '2020-05-11 15:17:45', '1');
INSERT INTO `memorial_shop` VALUES ('1259744550105255936', 'http://zhuisi.ioiogoo.cn/0bfd52dae5a9468e8d8346594bb3e730', '冥币2', '0', '48', '2020-05-11 15:18:00', '1');
INSERT INTO `memorial_shop` VALUES ('1259744624143110144', 'http://zhuisi.ioiogoo.cn/e22c8c3d72fb4d55b5802efdbb48ee8a', '冥币3', '0', '72', '2020-05-11 15:18:18', '1');
INSERT INTO `memorial_shop` VALUES ('1259746034616242176', 'http://zhuisi.ioiogoo.cn/93fb5b9c90484dacae9de7c9f0aa4f47', '蜡烛', '0', '2', '2020-05-11 15:23:54', '1');
INSERT INTO `memorial_shop` VALUES ('1259746155340894208', 'http://zhuisi.ioiogoo.cn/133700b7d7234f4cb1f24957db24cbe1', '祈祷红烛（折扣）', '0', '12', '2020-05-11 15:24:23', '1');
INSERT INTO `memorial_shop` VALUES ('1259746219106897920', 'http://zhuisi.ioiogoo.cn/a3f497efcd7c4aa0b05eb723b36e94f3', '祈祷白烛（折扣）', '0', '12', '2020-05-11 15:24:38', '1');
INSERT INTO `memorial_shop` VALUES ('1259746326216839168', 'http://zhuisi.ioiogoo.cn/14fab0cdd828446aaaaeee86130878e2', '饭菜', '0', '24', '2020-05-11 15:25:04', '1');
INSERT INTO `memorial_shop` VALUES ('1259746555334889472', 'http://zhuisi.ioiogoo.cn/86882688d64a461f9f84ccaa75b8008c', '水果点心', '0', '24', '2020-05-11 15:25:58', '1');
INSERT INTO `memorial_shop` VALUES ('1259746624830312448', 'http://zhuisi.ioiogoo.cn/781847ae29264deb87829a4e7241ae8f', '香烟白酒', '0', '24', '2020-05-11 15:26:15', '1');
INSERT INTO `memorial_shop` VALUES ('1259746688055250944', 'http://zhuisi.ioiogoo.cn/4f66278930a345568d437aaea8e25944', '轿车', '0', '48', '2020-05-11 15:26:30', '1');
INSERT INTO `memorial_shop` VALUES ('1259747147629334528', 'http://zhuisi.ioiogoo.cn/bd446786a5584937af1d81a83f733239', '花好月圆', '0', '48', '2020-05-11 15:28:20', '2');
INSERT INTO `memorial_shop` VALUES ('1259747354173640704', 'http://zhuisi.ioiogoo.cn/79c8dbced08141cc9317dae52a06b282', '思念', '0', '48', '2020-05-11 15:29:09', '2');
INSERT INTO `memorial_shop` VALUES ('1259747514140200960', 'http://zhuisi.ioiogoo.cn/e797dcda404245b6a4f924e75c64e731', '永登极乐', '0', '72', '2020-05-11 15:29:47', '2');

-- ----------------------------
-- Table structure for memorial_template
-- ----------------------------
DROP TABLE IF EXISTS `memorial_template`;
CREATE TABLE `memorial_template` (
  `id` varchar(255) NOT NULL,
  `title` varchar(255) DEFAULT NULL,
  `text` varchar(255) DEFAULT NULL,
  PRIMARY KEY (`id`)
) ENGINE=InnoDB DEFAULT CHARSET=utf8mb4;

-- ----------------------------
-- Records of memorial_template
-- ----------------------------
INSERT INTO `memorial_template` VALUES ('1265554349241798656', '纪念母亲-慈母版', '32165456165143611233113131');

-- ----------------------------
-- Table structure for memorial_user
-- ----------------------------
DROP TABLE IF EXISTS `memorial_user`;
CREATE TABLE `memorial_user` (
  `id` varchar(255) NOT NULL,
  `name` varchar(255) DEFAULT NULL,
  `img` varchar(255) DEFAULT NULL,
  `open_id` varchar(255) DEFAULT NULL,
  `time` datetime DEFAULT NULL,
  PRIMARY KEY (`id`)
) ENGINE=InnoDB DEFAULT CHARSET=utf8mb4;

-- ----------------------------
-- Records of memorial_user
-- ----------------------------
INSERT INTO `memorial_user` VALUES ('1259444258834878464', '\'      Cool', 'http://thirdwx.qlogo.cn/mmopen/vi_32/DYAIOgq83eqfs226dDnU9NQibzhMOfcafb35eAs6ickpwia1gZBXU9V2C4rWREtibZIRk2tcXDUIJLw0vaIic0JYumg/132', 'oN5wVwLX6YL9LFCZLG5m8mr7aCmY', '2020-05-10 19:24:45');
INSERT INTO `memorial_user` VALUES ('1259459703977676800', '晶晶', 'http://thirdwx.qlogo.cn/mmopen/vi_32/dNSc0FI68icqrCspx1XdgU414Vx3CYN7Ty32XWKo5PUdImkgfAt8ib0x2lzGgJ35rrwZGcRF6ib6ZickWvlNHeTpww/132', 'oN5wVwGhHAtYVsuPiinyeL37T8lc', '2020-05-10 20:26:08');
INSERT INTO `memorial_user` VALUES ('1259688914575298560', '楒', 'http://thirdwx.qlogo.cn/mmopen/vi_32/DYAIOgq83epdyOSh48s6htbryCxRFtbSIIfdnJW9mIvGMicdWyoNMpWqhU5448pIgN1dMdTpWra9pdy2d1jI5EQ/132', 'oN5wVwC82FmlvOJDjUd2bxhQBwIk', '2020-05-11 11:36:56');
INSERT INTO `memorial_user` VALUES ('1259865265739534336', '草莓尖尖🍓', 'http://thirdwx.qlogo.cn/mmopen/vi_32/1NwSv04hQQicqIWa1gicFjZQia144hpzD3qeGYoJZ0KHZOLwvb3yJHDIvBo7qoW1ZuHMsVSKiaeu0YWOnp49eveuyg/132', 'oN5wVwPj2-_BqSJ0_zIEp1Lx4V_0', '2020-05-11 23:17:41');
INSERT INTO `memorial_user` VALUES ('1259867350426062848', 'Joy 。', 'http://thirdwx.qlogo.cn/mmopen/vi_32/Q0j4TwGTfTK1bAwLiaRPsoWoNS8e0iaCmcTNEjibl84v1tSKz05HCvqNZxFA1NR27WF3HpSv2DBaYYJBMpuvyd4ww/132', 'oN5wVwN5ikrvutcaOlIsq51GuyGc', '2020-05-11 23:25:58');
INSERT INTO `memorial_user` VALUES ('1259868197688053760', '老叶', 'http://thirdwx.qlogo.cn/mmopen/vi_32/gYDEY1k2Dabds998xYnBKKYYYoBiaLSgxibjngMx7PiaCvU9QP8hZiat32GFOFVeliaQ76DuoSaHA2Y3p08Fsp0D8qw/132', 'oN5wVwOygzIVgBSFH3FA9Ln8bi4w', '2020-05-11 23:29:20');
INSERT INTO `memorial_user` VALUES ('1259868523006660608', 'Joy 。', 'http://thirdwx.qlogo.cn/mmopen/vi_32/Q0j4TwGTfTK1bAwLiaRPsoWoNS8e0iaCmcTNEjibl84v1tSKz05HCvqNZxFA1NR27WF3HpSv2DBaYYJBMpuvyd4ww/132', 'oN5wVwN5ikrvutcaOlIsq51GuyGc', '2020-05-11 23:30:38');
INSERT INTO `memorial_user` VALUES ('1259868955074498560', '楒', 'http://thirdwx.qlogo.cn/mmopen/vi_32/DYAIOgq83epdyOSh48s6htbryCxRFtbSIIfdnJW9mIvGMicdWyoNMpWqhU5448pIgN1dMdTpWra9pdy2d1jI5EQ/132', 'oN5wVwC82FmlvOJDjUd2bxhQBwIk', '2020-05-11 23:32:21');
INSERT INTO `memorial_user` VALUES ('1259871198930669568', 'river_wind', 'http://thirdwx.qlogo.cn/mmopen/vi_32/DYAIOgq83eoic8gWyyddamEpAMk7DyTXJaRoXE25vLHic7bice9sRG0lV1zl3icFUI9J9GzIUbTVKmP7OgqaClqdsw/132', 'oN5wVwOZBtST9en-Xz_sqfP44vHo', '2020-05-11 23:41:16');
INSERT INTO `memorial_user` VALUES ('1259871212591517696', '小学僧', 'http://thirdwx.qlogo.cn/mmopen/vi_32/GDpXrJ10nia2rS60Vj5rUu9BlWs9icwQcC0icWEBsWtL19g9nenUERGSxeCcAB1sFr95DV0P5Ug4OnGugl0B8c8Nw/132', 'oN5wVwIclTVLdQhh184iRgMBYWSg', '2020-05-11 23:41:19');
INSERT INTO `memorial_user` VALUES ('1259871488304091136', '晶晶', 'http://thirdwx.qlogo.cn/mmopen/vi_32/dNSc0FI68icqrCspx1XdgU414Vx3CYN7Ty32XWKo5PUdImkgfAt8ib0x2lzGgJ35rrwZGcRF6ib6ZickWvlNHeTpww/132', 'oN5wVwGhHAtYVsuPiinyeL37T8lc', '2020-05-11 23:42:25');
INSERT INTO `memorial_user` VALUES ('1259872080531427328', '晶晶', 'http://thirdwx.qlogo.cn/mmopen/vi_32/DYAIOgq83eo1VsQRA6DatOXwESoict2q8oWGlMhWuNAxNOPMRGGXHIsPDvV1WYQomISblkrUVibTibpq98xicXLHkw/132', 'oN5wVwNpV5UekD4PXH_D8yoL_w5g', '2020-05-11 23:44:46');
INSERT INTO `memorial_user` VALUES ('1259884094649667584', '雷小娜', 'http://thirdwx.qlogo.cn/mmopen/vi_32/wSkpLicAbWAwZzdibmfXcgCVezngPMxu9RWUzZuSzAHuc0RLnY3gBicGXdQfo6X98s5FSUiaqlia9raaEurVpzVC1bw/132', 'oN5wVwFFJEI-3qn8OZT1B4E9vA18', '2020-05-12 00:32:30');
INSERT INTO `memorial_user` VALUES ('1259886899498192896', '李子', 'http://thirdwx.qlogo.cn/mmopen/vi_32/DYAIOgq83eqMstzAsv0keovz10Dt4ZUmibHZJHlBwibXf8Q1ZKWz2m8eZ6tobIfBcUPfHweXz94HFk3cZaTiaaW8g/132', 'oN5wVwL0YtLz-3eDcOjdO9wwtW5I', '2020-05-12 00:43:39');
INSERT INTO `memorial_user` VALUES ('1259981952283447296', '.', 'http://thirdwx.qlogo.cn/mmopen/vi_32/DYAIOgq83erc6TL2ic66HAMQLszKpXzYFEdd5QhSqJDugaRVtb90At53RHHDib19OxX8Iic60R93OL2aSvmib1dYOA/132', 'oN5wVwN3PT2REc4QJakk-zF8ev0g', '2020-05-12 07:01:21');
INSERT INTO `memorial_user` VALUES ('1259993293463359488', 'present', 'http://thirdwx.qlogo.cn/mmopen/vi_32/Q0j4TwGTfTLeq0nN1a3Itqz5DDGnJSHwWHg5UUDETNZK0XQX2nCKT2xDd5kfOMRIficNge6bbfJjSLwicojGicDkQ/132', 'oN5wVwGT-PhNy6gu6JuMAePuNmE8', '2020-05-12 07:46:25');
INSERT INTO `memorial_user` VALUES ('1259997461691371520', 'AiLin晨晨晨', 'http://thirdwx.qlogo.cn/mmopen/vi_32/JpzpZ5T8kf5kicE74nN8nGtNsLJicJKX7hLFGQp0IzJOcpKic8Ao9dPnETug0mH8nudK5EyLqMeTST1NhrZl7OAjA/132', 'oN5wVwF5GpomRPb6XYWhnncz801Q', '2020-05-12 08:02:59');
INSERT INTO `memorial_user` VALUES ('1259998784411275264', 'Marbloro', 'http://thirdwx.qlogo.cn/mmopen/vi_32/mSh11BNZp66gPb1ziaYibXmk1YxkODSdlnXkiaGHzRw2iaQnudPwh1whjHH6soDTghZ5dW6Rf2BkaHJrfSEkxduA2w/132', 'oN5wVwKCaKVFvkbG8lASg7Cjr3pU', '2020-05-12 08:08:15');
INSERT INTO `memorial_user` VALUES ('1259999466333802496', 'NaN', 'http://thirdwx.qlogo.cn/mmopen/vi_32/DYAIOgq83epwib4gNnCEKXEkTR627SNcF6GgjQx0FwaZ4vicY0MlRcyTd3tDjhTfhLKQFztEILw9eW9paxeScOCw/132', 'oN5wVwNmBVpWwdl1XAnnlTpbuMWc', '2020-05-12 08:10:57');
INSERT INTO `memorial_user` VALUES ('1260002137174315008', '苏老师🌱', 'http://thirdwx.qlogo.cn/mmopen/vi_32/hcNLYhWic6W6RWzibUznzgREgNcMAoGumaIIhgvOcpSF9ocSCfN3AlojowvXImVuVAr7ibYDYcQw0aVUuJYCziah3g/132', 'oN5wVwGypxNLSIuQZkZBMXJAxfaU', '2020-05-12 08:21:34');
INSERT INTO `memorial_user` VALUES ('1260002519598370816', '菲', 'http://thirdwx.qlogo.cn/mmopen/vi_32/Q0j4TwGTfTJd5Cib8TE0RZjoiaRhq87Uz4lG0CRXtSn485ohm1icft01icN3o7NdJTVn6icBkaBTT4HDBTOzGLEFCjg/132', 'oN5wVwKVNQWTB65gFSgz90iAMsVM', '2020-05-12 08:23:05');
INSERT INTO `memorial_user` VALUES ('1260005340313948160', '张玲', 'http://thirdwx.qlogo.cn/mmopen/vi_32/Q0j4TwGTfTKvYqgfzxtxgKwXeiatUcyVqbNlv2F2twdlt2GR9zibBLicaic76I7r44FAib5Nics86vB96mKicNkfCvqAQ/132', 'oN5wVwJ2dP1_OmN0Hl1Dz9MjC0Jo', '2020-05-12 08:34:18');
INSERT INTO `memorial_user` VALUES ('1260007284566790144', '立青', 'http://thirdwx.qlogo.cn/mmopen/vi_32/IffFx96tT0zCxzqBBicnWA4C0yRLK6XDMLMBUHMpbBQibVHggDkO8XMKzb835UuxHSDqq6Uib3aTicIjMcO0aU4XSg/132', 'oN5wVwLYy8QSBmyKV_wLXrd-9C4Q', '2020-05-12 08:42:01');
INSERT INTO `memorial_user` VALUES ('1260008978339991552', '回不去的曾经、', 'http://thirdwx.qlogo.cn/mmopen/vi_32/Q0j4TwGTfTJiadLtCwlOnkibImLIXPZdlPYf8NPzZyH4eWlh0cb2CIQMS0p8u6a45FOgBQBtcuXpbrDgsGsLmBQw/132', 'oN5wVwPK7gG8k73mzgfP50vVAJqM', '2020-05-12 08:48:45');
INSERT INTO `memorial_user` VALUES ('1260009607196184576', 'Pisces  敷衍。', 'http://thirdwx.qlogo.cn/mmopen/vi_32/Ag2fxJFpyFBzPImsav0ukB0xeDthDC8py14NoTbdVLswJ1wcz3v4MjibIrB0MDrCRZh4EwVsh78f4aLk3iaSe3fQ/132', 'oN5wVwDgyZiLc09Xb4T33Z0c-78Y', '2020-05-12 08:51:15');
INSERT INTO `memorial_user` VALUES ('1260010046251732992', '热气腾腾的灵魂', 'http://thirdwx.qlogo.cn/mmopen/vi_32/RWAGYPwWh2cQqMd1BiceqHgxBicnyLaFfaJKIN6E9vxA3t3San8W2pnMaMdV0BTicBVjlBiccqGW4ql5StMibsFqiaAw/132', 'oN5wVwFnPDTQKZ1LDLhePYW32HOc', '2020-05-12 08:53:00');
INSERT INTO `memorial_user` VALUES ('1260011813702078464', '大展宏图@：苏斌', 'http://thirdwx.qlogo.cn/mmopen/vi_32/PiajxSqBRaEKQLvy7vhxSVHTFCdWlbpPqf3ngQrhCYjUWvMiaibM2j2RIbZUP4ykGJoic5L4ynYZGtWWfIQKhBZPsQ/132', 'oN5wVwAAuhonGiwJI-EPkxI7tLbc', '2020-05-12 09:00:01');
INSERT INTO `memorial_user` VALUES ('1260014950638817280', '顺其自然', 'http://thirdwx.qlogo.cn/mmopen/vi_32/qqPULdMQxtZibl4mS1fB0ekQ3HmTeLbKpzniaCp9B4DvvLia1WsOXdTkFHKShkb8CiadkG2ibd8Qv5VsF3v8ia7cGnzA/132', 'oN5wVwGToWaOontuRpJpthb-qFYg', '2020-05-12 09:12:29');
INSERT INTO `memorial_user` VALUES ('1260016763194707968', '蓝草', 'http://thirdwx.qlogo.cn/mmopen/vi_32/DYAIOgq83eoK7QibUwHic6RZ3OBKDGC8ndpR3BKCTUexqJCo6icOxLH99OwGVicT4tORjt9uccEib62xdmz0TMBvCBQ/132', 'oN5wVwK8knU6q9i6GQE8K3nhAKmQ', '2020-05-12 09:19:41');
INSERT INTO `memorial_user` VALUES ('1260020775658852352', '张琳', 'http://thirdwx.qlogo.cn/mmopen/vi_32/Q0j4TwGTfTKg0JdAGLv4wAfqfvTILibI1cxXzKYibzUpvoywc0qcfmKhMMFC7T3o0392qmy2jMJQWJ1lnB8FTZibg/132', 'oN5wVwOhcOZ_M8fZwYcoyRWxGSGo', '2020-05-12 09:35:38');
INSERT INTO `memorial_user` VALUES ('1260025707124363264', '🤣', 'http://thirdwx.qlogo.cn/mmopen/vi_32/TeYXodCjlSHnxjWCxlEvJ6dh8w7wnxOakbIhr0haRfhLicV8yVJg2fKBnEwBKypEcHTaiavVjYoVGXQJibhXO9qiag/132', 'oN5wVwNqER1Wclhmb0amDpG4mHSs', '2020-05-12 09:55:13');
INSERT INTO `memorial_user` VALUES ('1260025771909582848', '鱼', 'http://thirdwx.qlogo.cn/mmopen/vi_32/T4hekVM5DljcjdARlsyy5jlZTiaeYHkjnibWexwN09ka0q29xu0K733yWBSuzH7TY8UEm8lcr4KFCa92wQZGQibtQ/132', 'oN5wVwOA3KexgDM0juN3UqQUIq2M', '2020-05-12 09:55:29');
INSERT INTO `memorial_user` VALUES ('1260027136731910144', '知足常樂', 'http://thirdwx.qlogo.cn/mmopen/vi_32/DYAIOgq83eoeAaR6ic7NlRIkffibXBibLzIgsjTibFS0yaVHLzz4ia6XwFXiaCIqjycsPPdrkro3BkDmNEGMILRCVe5w/132', 'oN5wVwJw97a35jt_G3s1qlJvaKo4', '2020-05-12 10:00:54');
INSERT INTO `memorial_user` VALUES ('1260035082832449536', 'G.chuan😇', 'http://thirdwx.qlogo.cn/mmopen/vi_32/Q0j4TwGTfTIHxPaskNQgD3UjcB8ficcXt7KicgSjRuYe4uCNsfFeNfFAeeXIhajWK6LKE0p7G9Ngiax3FQd5dibiaDg/132', 'oN5wVwMNJq808Z_hLdl4-3p0b9Mw', '2020-05-12 10:32:29');
INSERT INTO `memorial_user` VALUES ('1260043628508745728', 'Hosier', 'http://thirdwx.qlogo.cn/mmopen/vi_32/Q0j4TwGTfTJym07X2k6PQosI0TaPicBGtFZYLYPywmgoLu4z0QeEkWYy9kEdNcicuIZyIEib0N2jLa3ymk96cYB2Q/132', 'oN5wVwFXA6jGQavl9uNwK5HvdUmE', '2020-05-12 11:06:26');
INSERT INTO `memorial_user` VALUES ('1260046206000828416', '贺', 'http://thirdwx.qlogo.cn/mmopen/vi_32/Q0j4TwGTfTLLoW2VosFjicvJPY5YiaC9z6byPgSgicE1ib9z6DSp9CXsvK3vqH5hdrLMJzXzXPv16QibHlJqKhhgGOg/132', 'oN5wVwDnz_1jbXB1169duVJnBS2A', '2020-05-12 11:16:41');
INSERT INTO `memorial_user` VALUES ('1260047121168601088', '果果666', 'http://thirdwx.qlogo.cn/mmopen/vi_32/RVgoywqdiaoRKvoBf4x5hNgl4Eycez5Jf1Bmul8NdtvLDWCOkNw6GDyVXE1OgJticBzGBp3pyMMwmmGtiargf42uA/132', 'oN5wVwNI0Xck9mZiPxldLgim7AN0', '2020-05-12 11:20:19');
INSERT INTO `memorial_user` VALUES ('1260047528611680256', '沙正华', 'http://thirdwx.qlogo.cn/mmopen/vi_32/uEaW1pic9mkDiasicjnfczKfIVk10yN6nfMasrZVSVHUM5IZp21O9OsWf34KgzMpOo6cokiaJiamuKZQuias2o222PFA/132', 'oN5wVwBAKotBisYPSPcIeX-N5I88', '2020-05-12 11:21:56');
INSERT INTO `memorial_user` VALUES ('1260058470628069376', '安碧玉', 'http://thirdwx.qlogo.cn/mmopen/vi_32/VfE7OiboMc7SAuVUrZN7w7TsQ0Z0jBMJiaf4d1GbH4zQ8SlY9jrD2qQhaqKQESicYMVFUXYMKJSjWiaiaIICvsehOYg/132', 'oN5wVwP3O3HhYEvA0ZlkHPsJfofo', '2020-05-12 12:05:25');
INSERT INTO `memorial_user` VALUES ('1260059048208896000', '过期酒精', 'http://thirdwx.qlogo.cn/mmopen/vi_32/Q0j4TwGTfTLg0siaLsPDTDRbTjrMX1y5ZvVpGla2FWeLYPiaZ6ibKAhWRnTKLR06Mh5xLgtib4jV1BJIiacApalwMtA/132', 'oN5wVwAHFebw3ppFZeZNmGuSYbQk', '2020-05-12 12:07:43');
INSERT INTO `memorial_user` VALUES ('1260060648918880256', 'Jacqueline', 'http://thirdwx.qlogo.cn/mmopen/vi_32/Q0j4TwGTfTLfOZiaOCKuckOxic2X6xjB9iaia5n5bZugG9X0OibciahoHUJNeCMru0QTib0APoBQzWN7jlblT3wGYjx3w/132', 'oN5wVwGzbTdlrs7IJaXXnMFmsgmE', '2020-05-12 12:14:04');
INSERT INTO `memorial_user` VALUES ('1260061269227081728', 'hehe', 'http://thirdwx.qlogo.cn/mmopen/vi_32/Q0j4TwGTfTKsHXJofxYo7xialafB6ibzjIMVLMq0EfxVMozhtCVPRRiaNtTM6d4aDia9zeFZrliaUQ1YDp920JrOiaLg/132', 'oN5wVwNFNEQ4ZjfMAPb509rApnfU', '2020-05-12 12:16:32');
INSERT INTO `memorial_user` VALUES ('1260062919178194944', '还没想好', 'http://thirdwx.qlogo.cn/mmopen/vi_32/Q0j4TwGTfTITdxnXcGkxKz7PZaxyFQ78bLqwzG3uweDFgRNk5DhpzrDyOen9ymQd4dHu9FCSLTOgibTRcaCExPw/132', 'oN5wVwIRMjsQotM4EFQMs137j86Q', '2020-05-12 12:23:05');
INSERT INTO `memorial_user` VALUES ('1260064194477297664', '碰碰香', 'http://thirdwx.qlogo.cn/mmopen/vi_32/DYAIOgq83er6exWwA6nDRqTLCsibNJt7CicJXjXSd2zS3jqc6vfesnacbcTficyWm3f4DowdiaGia7lEVghYsA6LzqQ/132', 'oN5wVwBAPg6QrMhxy191rv3G4qUM', '2020-05-12 12:28:09');
INSERT INTO `memorial_user` VALUES ('1260064354213171200', '', 'http://thirdwx.qlogo.cn/mmopen/vi_32/33dVHfOPRwFW4ibaSpvbRMlrurWemKSJcP9ibs07kqpNb6UVhBY64iaMOduNUZsmIQjA8dF6E1ypzFnic3pxEFibVSQ/132', 'oN5wVwAJ1eUsyrTaB-qtaGxeHNPQ', '2020-05-12 12:28:48');
INSERT INTO `memorial_user` VALUES ('1260064989272739840', 'Nana🍒', 'http://thirdwx.qlogo.cn/mmopen/vi_32/Jz8HZPTKy10j8lAGKO830ohRMQOTicdQprRuBAGtlZNAD2ZvudVcdjAoNnp2GfgozX7dib6m2C2iar1BneXnNhPvw/132', 'oN5wVwK13ybGkpF2LTCuUewaDqwE', '2020-05-12 12:31:19');
INSERT INTO `memorial_user` VALUES ('1260067935544807424', 'Ci Ci🍧', 'http://thirdwx.qlogo.cn/mmopen/vi_32/PiajxSqBRaEKoczmlPPXxEBwykxjvHE66LB4YIhTyfUc8REGmhWhYF7e4XQ0AbSbMJmV8XicSfdlvztic0V5zD9ZA/132', 'oN5wVwG26n_hnkzUCf55Cp4JD6Xw', '2020-05-12 12:43:01');
INSERT INTO `memorial_user` VALUES ('1260068191661592576', '李凤律师', 'http://thirdwx.qlogo.cn/mmopen/vi_32/y8hg32SZIrE98Qugj92DUGr3jdQJJ6jZtW9jxT2TX0wPyiaD3sghaF8ibPpE3B9Tn9dxyASwrsHfxIciba6936D7g/132', 'oN5wVwNC5JicauQitWgNy2p4T3s0', '2020-05-12 12:44:02');
INSERT INTO `memorial_user` VALUES ('1260068558960988160', '米线', 'http://thirdwx.qlogo.cn/mmopen/vi_32/DYAIOgq83erg5icVFc0zSoWAvL5ibtsl3ZPuCibyibcJTjxX0afdiaT1kEu6tLqkaKdUJAOtybCDRNKicz2Gt2MNQU7Q/132', 'oN5wVwFYQ6GHdTrJVLrrrGB5P4iA', '2020-05-12 12:45:30');
INSERT INTO `memorial_user` VALUES ('1260069677326012416', '空白', 'http://thirdwx.qlogo.cn/mmopen/vi_32/Q0j4TwGTfTIACcia7e66GCVOJIZzAE10bwm8FCKd0Yoh1PSOgXQLeR9bPSBaqqNkVp3FCvn9QAcSUiajFTpXJKwA/132', 'oN5wVwIMCCtjA3f3r0AW4jSv2vRA', '2020-05-12 12:49:57');
INSERT INTO `memorial_user` VALUES ('1260070142839230464', '兵满园', 'http://thirdwx.qlogo.cn/mmopen/vi_32/Q0j4TwGTfTJWxIyKo31BtgSicEbsMPEPEUWPhYEnVDy0f17zGzWVf2bUjtNojpickzyTxDibt3CdPzYZgzYZ4OEwQ/132', 'oN5wVwDZlkfCHhHH7Bg53edX_6gY', '2020-05-12 12:51:48');
INSERT INTO `memorial_user` VALUES ('1260072797821079552', 'P P A P', 'http://thirdwx.qlogo.cn/mmopen/vi_32/BAuQlia9Dc06n4YyGyJTsFgxqLBdibkrDbeE9VuK8ZeydV9g3nktbKZO9PTfxbfQuAbjy9eBQ3Uz8sEZqQic04rGg/132', 'oN5wVwAaQ-4_FbJ_5zY9Zwepph04', '2020-05-12 13:02:21');
INSERT INTO `memorial_user` VALUES ('1260073064692060160', '不听话。。。', 'http://thirdwx.qlogo.cn/mmopen/vi_32/Q0j4TwGTfTKd0LPDu217v0m6MIduoDscvAakvQewicvWPTqSrfkArLIXSn6kAXWo5cyrSGhjdVibBb6FAo6G7kfA/132', 'oN5wVwEAk7JivjKL93OwuOaIwSV8', '2020-05-12 13:03:24');
INSERT INTO `memorial_user` VALUES ('1260073361686532096', '予我深拥', 'http://thirdwx.qlogo.cn/mmopen/vi_32/U21UTxWlyWgjQQrtDibeZXj9o0ahmjsPBlSh8OCqGjnk4rTCG1mmoMLpZ51wDxLEHxxqhLVuiaxYSCGywZgYicLzw/132', 'oN5wVwCIDKEoZSVlmMHamGZAZVNk', '2020-05-12 13:04:35');
INSERT INTO `memorial_user` VALUES ('1260073484688691200', '风雨彩虹铿锵玫瑰', 'http://thirdwx.qlogo.cn/mmopen/vi_32/YTIr8z4omx1pNID1TFmE2Wu9X0ClgsolkhtsXWv3TVNAPuauLfhY8kzSQoqibZSrMTiboQSwnkyKDccEzdxobDqw/132', 'oN5wVwB3VNLSt-S7HMsnNqHlpVdk', '2020-05-12 13:05:04');
INSERT INTO `memorial_user` VALUES ('1260073496290136064', '娜娜', 'http://thirdwx.qlogo.cn/mmopen/vi_32/FKOOSx20SicERAoH9tvcVn4Kf2Qm9vibSBM2hn0sNxsZaaMaiafOpTibOoLTYXibxxcXIT4ibrribYxuHFkWguMrWBjtw/132', 'oN5wVwBMPnurfxPfLhNBZ8Atghug', '2020-05-12 13:05:07');
INSERT INTO `memorial_user` VALUES ('1260073791812407296', '杨艳艳', 'http://thirdwx.qlogo.cn/mmopen/vi_32/04WCiaKzMSdqdlIVicZKzYeT6t2DtcnwHGPzSptZjjudJ6WnnPtXsstyprv9I61YFa6jtU4dbwu7WUyr2KrL7eaw/132', 'oN5wVwNT3unuNeuQFaZGNg1LHBxE', '2020-05-12 13:06:18');
INSERT INTO `memorial_user` VALUES ('1260075652816703488', '方菲', 'http://thirdwx.qlogo.cn/mmopen/vi_32/NF0wF1CvicmQMtic76LkcUlnOH0MQItvib3bXulR7uqAesRQNKnkLePXYEkU4FaRHQjaxObkr0ZDicv9IwpxAky0Dg/132', 'oN5wVwLv_uddgcFK1H8lj1EO2o1Q', '2020-05-12 13:13:41');
INSERT INTO `memorial_user` VALUES ('1260076396617797632', '杨映涛', 'http://thirdwx.qlogo.cn/mmopen/vi_32/g244fG5PibibBJhUXEe1mgBJ1lKpLlzCIFODFOiaqnuPzjZpXDvo7IwQcDFyulJHaEnFn0kZ1p2RTU1CAGq23WxhQ/132', 'oN5wVwDFmxLdjP0YFLJzpU31Fo0g', '2020-05-12 13:16:39');
INSERT INTO `memorial_user` VALUES ('1260076597961166848', '闲云野鹤', 'http://thirdwx.qlogo.cn/mmopen/vi_32/UOZ71Ozc5CdDaLU1TV9t2T11FQuJVVDJfu3k2pia9P9VhKYkpKvSCARHYIN0MibFKKicqfd9VKW5Glr1KIXpY4WTQ/132', 'oN5wVwERojNsuOL0MK3lYsg8JhO8', '2020-05-12 13:17:27');
INSERT INTO `memorial_user` VALUES ('1260077373693497344', '葫芦娃', 'http://thirdwx.qlogo.cn/mmopen/vi_32/BicP7q20RylBwr0LQiaic3FqqARZe68tgcX2QAksCAVmibwaDrIuNP8J1oV7Hms7qibmSfd2OmGFetTePiaNnssbYQzA/132', 'oN5wVwDFXB-UlyfFe8v6-POKSYKU', '2020-05-12 13:20:32');
INSERT INTO `memorial_user` VALUES ('1260080714381135872', '闲花落地、คิดถึง', 'http://thirdwx.qlogo.cn/mmopen/vi_32/DYAIOgq83erzRchicMTRgVlOx9OOb4Z68TPcmLc0eVnm8px4BYzNSLehlPalZs6Nic57uqbRrmYrTyKmgqacQSlg/132', 'oN5wVwBCu0_ABf2zxC_8IosRde-I', '2020-05-12 13:33:48');
INSERT INTO `memorial_user` VALUES ('1260081006002704384', '海艳🌱🌱', 'http://thirdwx.qlogo.cn/mmopen/vi_32/IqNZxBNiauiaQvEia1ILic6wuTIrlPkpnJdUxykBibA6GZay2CuN83iaIiaVDrWm6tiaSZv0aGvlvIRlYdIhJqgBGa3COw/132', 'oN5wVwB0dwCbt1RPT1Eb7T4iFRiQ', '2020-05-12 13:34:58');
INSERT INTO `memorial_user` VALUES ('1260086310534778880', 'A何老师18382149354', 'http://thirdwx.qlogo.cn/mmopen/vi_32/xcV6Z8wg50KjdnnmBOKXL9lSBicL40ahtgGmHWxMCJfwZRu6CL15fqaXrl7lOoV3NflUgt4mdxITnkYvWIiaKClw/132', 'oN5wVwBDp7lC3-n9ncoDr7jzs-OM', '2020-05-12 13:56:02');
INSERT INTO `memorial_user` VALUES ('1260086927693058048', '阳娃娃', 'http://thirdwx.qlogo.cn/mmopen/vi_32/Rp2AWZPeuEVjtiblk8XZbJshHYRiaNef6fRoHuI64yicY2ic1FHeDBRzKhRLdHwCVXM7QZSj33WibpPODa1SjyHMvlg/132', 'oN5wVwLVrrCZ38CRFRhvMTvlXAvI', '2020-05-12 13:58:30');
INSERT INTO `memorial_user` VALUES ('1260088105185185792', '火狼', 'http://thirdwx.qlogo.cn/mmopen/vi_32/taflj5kkibVY5exAAgnrvmk710ukp9XW0wu0d4CwVBuxv4IWwnDiaepLFyfLK1MLlY6tJxMBTIiaYxt9sCn5QcicpA/132', 'oN5wVwHd5M9maBAdfdpdA2eemCP0', '2020-05-12 14:03:10');
INSERT INTO `memorial_user` VALUES ('1260088721395552256', '杉宇', 'http://thirdwx.qlogo.cn/mmopen/vi_32/7YMQCUnuIyHLcjCV2ibliavMO2uJllBy5u9kBJduocSRfIVWJoL3iabHmMnztZKOhq2kSx9h3vib7SibPIR5Cvicpm0Q/132', 'oN5wVwKRa3mAR2bQRgevXwPPdOLo', '2020-05-12 14:05:37');
INSERT INTO `memorial_user` VALUES ('1260092385141067776', '🌪🌪', 'http://thirdwx.qlogo.cn/mmopen/vi_32/DYAIOgq83epZMhxC2Lfk7sc1XV7yCLDypBflAyFMsGoK5VyybdZ5GiaVmWfTjoc75JTx0af92c6pIzYrRECbzicw/132', 'oN5wVwOdBHgioQH-FjQ7LqPJ7FJA', '2020-05-12 14:20:11');
INSERT INTO `memorial_user` VALUES ('1260092912079867904', 'L-jiaojiaojiao娇💋', 'http://thirdwx.qlogo.cn/mmopen/vi_32/Q0j4TwGTfTLJ55iasmMeibRTP6xC4kaqKVfa4iaRwpgsiamNfzUYccfuibBa6MY2bsdxUsGxib7PFMU9ibFwaFiaQR2sCA/132', 'oN5wVwIUa3HfzYnr13IhoCidO5Yg', '2020-05-12 14:22:16');
INSERT INTO `memorial_user` VALUES ('1260093829894246400', 'lxy', 'http://thirdwx.qlogo.cn/mmopen/vi_32/Q0j4TwGTfTKkHHPDeuwf4cI6iasa3rKk9EfsYqTAIiapvenaMEbRrGRtZyII0WyYODXYaeiaeeBzb59q1FElwVicEA/132', 'oN5wVwI-pTRLUvwN80f10S-hDaeo', '2020-05-12 14:25:55');
INSERT INTO `memorial_user` VALUES ('1260095249200582656', '形形色色色色形形色色', 'http://thirdwx.qlogo.cn/mmopen/vi_32/Rflbia3c3hh7dX7ibTBv3k1icicibRwNf8cNKdNAd5nXicrh73HlPPp4EU6Urozebv9GVu3Qs3BZz3sk0fXcAmT5RMZQ/132', 'oN5wVwKta-dknQeAvJk2qyZOIiAs', '2020-05-12 14:31:34');
INSERT INTO `memorial_user` VALUES ('1260095311188201472', '雷鸣', 'http://thirdwx.qlogo.cn/mmopen/vi_32/Q0j4TwGTfTLKjgxd2EW6b0Xa2PjMCichyvE33NwzyTup9QuA5wb2GgfgK6hUR0nCmwQ2exAvba25h7rF8lZqAibA/132', 'oN5wVwBMgv8tciXa6CAISlvxryQk', '2020-05-12 14:31:48');
INSERT INTO `memorial_user` VALUES ('1260096777265221632', '张国全', 'http://thirdwx.qlogo.cn/mmopen/vi_32/7kxEXDDofMlr92f6EqyM33Wud3AkkXW4EXZgCVykeKUmuDw5v87R46hNGRcdFQSkmuLButEWhUkAzggqK0UKnA/132', 'oN5wVwIVaDfr9JQwilMwhabYySY8', '2020-05-12 14:37:38');
INSERT INTO `memorial_user` VALUES ('1260096998980325376', '勇士', 'http://thirdwx.qlogo.cn/mmopen/vi_32/dicpe1xfiacpk72KLOZkDP1cgXbic33Z7MBW3ibs7CyB5wa2aQclOibgicsontI1ecgPURwTnibl4HK8rxuxIKQbKSvUw/132', 'oN5wVwFfpeZAGNuM1TMwUb-Oxdj8', '2020-05-12 14:38:31');
INSERT INTO `memorial_user` VALUES ('1260103084500193280', '周小妹🍀🍀', 'http://thirdwx.qlogo.cn/mmopen/vi_32/J6icuvMxU8KQuT0SB9De60v3SQibwdS6eBm5t4l4dS2FyWib6WyIbSegmrTuYL8xVNyFF4NTPb3ODqOeAianUnpGEA/132', 'oN5wVwIf5sLzf_TwKBp4iwF-gMzE', '2020-05-12 15:02:42');
INSERT INTO `memorial_user` VALUES ('1260104802604552192', '天天开心', 'http://thirdwx.qlogo.cn/mmopen/vi_32/lsZSdaGXMx62FB4q2cmHO8xHRAEbp7z3GSjgW5RJRATEe7AmT3dsPOibXUtfl4uO0HpcSZVkSYZzm6zgibkkQfOw/132', 'oN5wVwMObheodyHY7fNbcDIcR9nQ', '2020-05-12 15:09:31');
INSERT INTO `memorial_user` VALUES ('1260106755535409152', 'Ray', 'http://thirdwx.qlogo.cn/mmopen/vi_32/Q0j4TwGTfTK5texDS7iasvfxiciahtgXSDPonYPKoKGsWTCTFURJT7B0nezviblzpibefeBlEcCMyWx7l5GdZvwwANw/132', 'oN5wVwMWxezkZUmozjuO8yXZ9Fs0', '2020-05-12 15:17:17');
INSERT INTO `memorial_user` VALUES ('1260108907481796608', '💋💃做自己的女王💓👒', 'http://thirdwx.qlogo.cn/mmopen/vi_32/Q0j4TwGTfTKmj2hibqrMD5UFCXbQrcvJl0t5G8d4bk1WVUvUGxnjoSSqZ9rDK9xeQL1pftI4pQicuibeaPNRvibk4Q/132', 'oN5wVwPmjBTimNMcOHx_Pu4JUndA', '2020-05-12 15:25:50');
INSERT INTO `memorial_user` VALUES ('1260115068163592192', '小容', 'http://thirdwx.qlogo.cn/mmopen/vi_32/Q0j4TwGTfTJROwzRqp5JGyIRkRwpxByBM8QsKkPib49MZI0gCec0sYthic1D3iadiawOcibeCic5iaZXWI4bp6LfGVCUQ/132', 'oN5wVwAnR8hKf7jAxiG_FLR9vgmk', '2020-05-12 15:50:19');
INSERT INTO `memorial_user` VALUES ('1260115246195019776', '明天：', 'http://thirdwx.qlogo.cn/mmopen/vi_32/bLSj895ickykEknFRPibfDzPHkjef69QbTia013uw7kIf0Y9F1wxb4Z6cnKIfqn22AicYNZbBAHpBkfI8lIfVV6Siaw/132', 'oN5wVwOFrTjF2RqVZUi8h61WPHLs', '2020-05-12 15:51:01');
INSERT INTO `memorial_user` VALUES ('1260118276713877504', 'Jun', 'http://thirdwx.qlogo.cn/mmopen/vi_32/hDh1taeKFBCxvd6oW7c14qfwt4aFcEUZHViahuky0ufFsxwLbHWUict1vRSCfcRejfW19D0P5zYR9lXhicic359ccg/132', 'oN5wVwI7hk0_8cZ48r6oVV0NKLzQ', '2020-05-12 16:03:04');
INSERT INTO `memorial_user` VALUES ('1260122391556788224', '小伟小伟', 'http://thirdwx.qlogo.cn/mmopen/vi_32/DYAIOgq83eqQKd4TGoSP3mJFHG7049vibHNzefs8PLDz6HCazHTbwA5A8oopBibwRzEyPRpnIZzAUa5te76ENbvA/132', 'oN5wVwIdJxvuK87SBg67SD7U_XNU', '2020-05-12 16:19:25');
INSERT INTO `memorial_user` VALUES ('1260139209990213632', '小槑', 'http://thirdwx.qlogo.cn/mmopen/vi_32/DYAIOgq83er7qoZtfnhNSCe9NBnoCvpq0StAJIohZgGaJiaRu991nPujSAQOTP8XEzibH8qvHzQMdIbk5vQSicdSA/132', 'oN5wVwHPpu7G_XXzokRcZpFSShis', '2020-05-12 17:26:15');
INSERT INTO `memorial_user` VALUES ('1260141309264531456', '金金金🌟', 'http://thirdwx.qlogo.cn/mmopen/vi_32/Q0j4TwGTfTKpUTvCv8EeF7lmqdLfllRtzBvb7LZFdyibT2Bbq5tfJtwwgMqM3uezU7h6G50taKP3XHvFwXaBuUA/132', 'oN5wVwBcGyVbmgapBwFjUPZhk-54', '2020-05-12 17:34:35');
INSERT INTO `memorial_user` VALUES ('1260161291788619776', '芳萱', 'http://thirdwx.qlogo.cn/mmopen/vi_32/ZuxTXv40kMd2fNEYzQFH8icNfdxnNNBAIkCSacVBVvh2fSCnNjmmqdyZawgVWwY5W6cITaDsZrtibkI7FHDsYJeA/132', 'oN5wVwGPvA7Bz77_iF4fXSHICFfw', '2020-05-12 18:53:59');
INSERT INTO `memorial_user` VALUES ('1260187216689369088', '💓Nancy💓', 'http://thirdwx.qlogo.cn/mmopen/vi_32/Q0j4TwGTfTKjYOibrQgzemkqmLlsBRkPeZLPqznhE21eboVrbicMTmK6p5nLwR1G8ckmBdRSKnuSZr7yX6QJ7aAw/132', 'oN5wVwOYWGRObHlOb44uMrPHOD_M', '2020-05-12 20:37:00');
INSERT INTO `memorial_user` VALUES ('1260202042148917248', '¾Starshine', 'http://thirdwx.qlogo.cn/mmopen/vi_32/Q0j4TwGTfTIYsIZNE1Z4FXPhefDK1tEGIkIibibjh0U8VBvoR0PquGb1AGSOqKsCoMNpDLL5GvQXjE7ZY0JKIUew/132', 'oN5wVwKVIXtr8USf-oDSwdO4qFN8', '2020-05-12 21:35:55');
INSERT INTO `memorial_user` VALUES ('1260206101417299968', '橄榄绿', 'http://thirdwx.qlogo.cn/mmopen/vi_32/EsJXOTiakxX89hYI4JTFMX3GrIBw1F3C0mceoLZSVsPUGrVeS7icebmPyianUoKfAApsaFoHezDVER7LKHyicGGFBQ/132', 'oN5wVwJ4B65_gzOlzYcvMDyubioQ', '2020-05-12 21:52:03');
INSERT INTO `memorial_user` VALUES ('1260207525010214912', 'A顺丰快递18682586189', 'http://thirdwx.qlogo.cn/mmopen/vi_32/AAibI76UoTYJUADPSohAb8U1tPeTh0snIa4G6sSxKMozIjv9zMJS2kt9LBjsBibcwiaVPO2ibsRQbZIeJLHWpDMxlA/132', 'oN5wVwJoT5WM7-gTu1AYi2R3PKtY', '2020-05-12 21:57:42');
INSERT INTO `memorial_user` VALUES ('1260211397351051264', '小虾', 'http://thirdwx.qlogo.cn/mmopen/vi_32/Zta20RHjAIwdBfiaNC3iccL7lVIuSNChUAYFg6JxrfJdBnnbPgwZblRLXQvmm8TH016XhjEgeK6JG0XNeeMEibYug/132', 'oN5wVwEZlFew0JiJaIvB9mdOyq6g', '2020-05-12 22:13:05');
INSERT INTO `memorial_user` VALUES ('1260339574484373504', '柘柘', 'http://thirdwx.qlogo.cn/mmopen/vi_32/DYAIOgq83eo6WCJkKtM8MicfxeAOicoQBOnFrru3E2hf5ZSeBBGA6SHSiaJ5hlk2OOYNhzGEzrkfQgxNneOQN9ciaQ/132', 'oN5wVwBB5aUb-Gwor_PHe5CJ4pkU', '2020-05-13 06:42:25');
INSERT INTO `memorial_user` VALUES ('1260595912732971008', 'ZYM', 'http://thirdwx.qlogo.cn/mmopen/vi_32/aTEicbJ8WTUduicyfZyagPnME5MicP1UVPc5K1j3TdUWMicUUGERrmdQ97dicvz98MFVeTiaWfnIkic7icjKhNib3xqBWibA/132', 'oN5wVwMnx2_AgspMMrYr7Sr2eoq8', '2020-05-13 23:41:01');
INSERT INTO `memorial_user` VALUES ('1260603562015199232', 'C.', 'http://thirdwx.qlogo.cn/mmopen/vi_32/vabPEE2WJuKD7UY5iaMqWgricw3FzUfbPP1V20yiaCsR5QFiaDJIZBLlNgOAC04PibDOpmgkibKfkMaCGbIqiaRNhMwLg/132', 'oN5wVwM-uau2If0yEpMneX2HMTWc', '2020-05-14 00:11:25');
INSERT INTO `memorial_user` VALUES ('1260762450324754432', '芝士终结者丶', 'http://thirdwx.qlogo.cn/mmopen/vi_32/Q0j4TwGTfTIvP1iaoQnCpuwtq3Wu07JEDqxSaBXZK1jDeibqRFtQm7YtianEgL8h9KiaNXeia0hVwEsCgmoBDjMnKBQ/132', 'oN5wVwMU5kqEs3lWAb_pLzr05G6s', '2020-05-14 10:42:47');
INSERT INTO `memorial_user` VALUES ('1260762675508547584', 'Q先生', 'http://thirdwx.qlogo.cn/mmopen/vi_32/RbGf9FKbOibhROzbKAaxJibBwK9teEMYPzfewicbOBiaicurwicXRewhtEZiadz66WjrYF7BZlvnHl6mZvRm3qa5NDsMQ/132', 'oN5wVwPxeinFdzXvt-DtpYG0NmMQ', '2020-05-14 10:43:40');
INSERT INTO `memorial_user` VALUES ('1261603589474881536', '迷彩袈身', 'http://thirdwx.qlogo.cn/mmopen/vi_32/GvYzEoLTe1CLbA5dRkqc02yUZJ8yuFtpCvCXsWj0aPUuovI5HWLBufT0S7YP62lPM2VZ3vBgZMIIf6hgIacxLA/132', 'oN5wVwLaBtK_29pab-aefZO5ymTQ', '2020-05-16 18:25:10');
INSERT INTO `memorial_user` VALUES ('1261965489060581376', '☆Merry＊城城☆Мария', 'http://thirdwx.qlogo.cn/mmopen/vi_32/DYAIOgq83erTwxxOwMibGL9nW07w1UsI89dMNS4lhGiaZGAliaMP7UwjWtluEIfrTOwemYREiajodcmByM2Sq7O2zQ/132', 'oN5wVwP3PwPXcppPZzSAbvUzWI0A', '2020-05-17 18:23:13');
INSERT INTO `memorial_user` VALUES ('1261971231545102336', '奋斗', 'http://thirdwx.qlogo.cn/mmopen/vi_32/ttdKiaybrdOA57eVvA9Hicy24cRE6icWYSUH7hECagiaPvibZRzXZtUpxoAnGKJ1Zpooib0TiabURv245JNSXu9Mll2SQ/132', 'oN5wVwLosBstLtHVxa7nfk6KjxsU', '2020-05-17 18:46:03');
INSERT INTO `memorial_user` VALUES ('1261977809627254784', '云无心', 'http://thirdwx.qlogo.cn/mmopen/vi_32/OAfTgG2FhZ4NfOyMjLFLToSq7tqVRZQxiaWBxQAmKxZXh3sWIPPoQlXDB6PJtjXzZWkh2FWQYicDulzIlMQ9I5Qw/132', 'oN5wVwGpwA2UgizEN7t-tpML5Zsg', '2020-05-17 19:12:11');
INSERT INTO `memorial_user` VALUES ('1261994020176007168', 'Lucky 🖤', 'http://thirdwx.qlogo.cn/mmopen/vi_32/n60yHy8jboTNxEqibC2iaLNQiaNNWgtibA8ICGQ5MHKszxxbW5CNu56T9nhEAkuekAxkoZcv3iaFjrpIiaLPLLkiczOhQ/132', 'oN5wVwNas7auDn_tQ9Vkvd7D6cCc', '2020-05-17 20:16:36');
INSERT INTO `memorial_user` VALUES ('1262743380371312640', 'ℒℴѵℯ余～温°ꦿ⁵²º᭄', 'http://thirdwx.qlogo.cn/mmopen/vi_32/FOL1jkiavddcgIXZcjpibx1VsicS5Oo8SN9BLEJQphakwXWskHFibqzrSSvNwiak4EL2DMBKDDRKiavUEULxzWUvfwgA/132', 'oN5wVwCtFuJElTAJagoDrrPJ8uaI', '2020-05-19 21:54:17');
INSERT INTO `memorial_user` VALUES ('1264927274063499264', 'P   L   A', 'http://thirdwx.qlogo.cn/mmopen/vi_32/hRqRJHEhIMhezs5AajA8bF8WNEVOtPJctpCeneQbbwwtJoAaOV5iafMPeO4XslBj7O1peUWicl1667e8zfMlPd5A/132', 'oN5wVwG8yfaxtTtfWLrwTIZIfO-o', '2020-05-25 22:32:18');
INSERT INTO `memorial_user` VALUES ('1267741421180424192', '梓', 'http://thirdwx.qlogo.cn/mmopen/vi_32/Q0j4TwGTfTIt4qSHP6ltTr4TaerLmia0Kgicm2Jyzia1fP3Y5DicicBbqRZ814m5icxhJLEulBgVpe7L3AyLQwv9Z1JA/132', 'oN5wVwDFwC9cg5CG7_P-APFlTXgk', '2020-06-02 16:54:43');
INSERT INTO `memorial_user` VALUES ('1270245301000736768', 'keeper', 'http://thirdwx.qlogo.cn/mmopen/vi_32/Q0j4TwGTfTKOiaS2BtAEuc9dJDlkrcu8icu09Uxo8f1DGcmnsiaibganXM0xVTjVN6oN2QB6l5NwtcdF1a6vNPumicA/132', 'oN5wVwNQMbgt93BNxmjJYcLFZTRw', '2020-06-09 14:44:14');
INSERT INTO `memorial_user` VALUES ('1270247380184338432', '由她', 'http://thirdwx.qlogo.cn/mmopen/vi_32/80mczFudCicwibhicaK7PJYEz6kH62X3WFPTdZwibofiaq4IOAYPicvEn01NDlEEMaayVGMKUS2HYciarh16L3wib4mW1Q/132', 'oN5wVwEtx5IodLWebrHvi0Zc6fOc', '2020-06-09 14:52:30');
INSERT INTO `memorial_user` VALUES ('1270298298804211712', 'Mr.木易', 'http://thirdwx.qlogo.cn/mmopen/vi_32/g4os8I4iaB6gVcnGjfBA23ic7brqGiau5Y79BWribnt5Zm7l1BR8yGdd5Thog4hNh2IyPoCCibeia1g8yOH2eJcN3Aibw/132', 'oN5wVwKIRCTtlqLBMa6qjLeXN9E8', '2020-06-09 18:14:50');
INSERT INTO `memorial_user` VALUES ('1270517440069111808', '跟自己死磕到底🥑', 'http://thirdwx.qlogo.cn/mmopen/vi_32/Q0j4TwGTfTIY60ETaXWlAR1uKAuAnE6hYpic3fkWQKGMJPG6U6scBeyfTrMI18WJIOiap6FKYelhiabZ24RzORfFg/132', 'oN5wVwIcanGCJUSn-U4aRIy5lCe4', '2020-06-10 08:45:37');
INSERT INTO `memorial_user` VALUES ('1271255907002617856', '嗯哼？', 'http://thirdwx.qlogo.cn/mmopen/vi_32/DYAIOgq83eosAoCaOQrPVgszjJRuY3crSkUTeQWmeibRib8Xia0g266nx7tPhdjGE8K2ew2zQgQYM4mo4PSTSmODg/132', 'oN5wVwMORy3_4BIGQeRsGbYTWJck', '2020-06-12 09:40:02');
INSERT INTO `memorial_user` VALUES ('1276680619216211968', '高凡', 'http://thirdwx.qlogo.cn/mmopen/vi_32/Q0j4TwGTfTJUSUdGJFtQooRObhfQRKIHn8jU5UhX9EbCFaK7uXAktyL4JQ9xwNseItuw3KgI2d8gGp4DVs9I4Q/132', 'oN5wVwCPjzHoknA54t1fE7mwob3c', '2020-06-27 08:55:54');

-- ----------------------------
-- Table structure for system_menu
-- ----------------------------
DROP TABLE IF EXISTS `system_menu`;
CREATE TABLE `system_menu` (
  `id` int(11) NOT NULL AUTO_INCREMENT,
  `name` varchar(255) COLLATE utf8mb4_bin DEFAULT NULL,
  `url` varchar(255) COLLATE utf8mb4_bin DEFAULT NULL,
  `pid` int(11) DEFAULT NULL,
  PRIMARY KEY (`id`) USING BTREE
) ENGINE=InnoDB AUTO_INCREMENT=37 DEFAULT CHARSET=utf8mb4 COLLATE=utf8mb4_bin ROW_FORMAT=DYNAMIC;

-- ----------------------------
-- Records of system_menu
-- ----------------------------
INSERT INTO `system_menu` VALUES ('1', '图片管理', '', '0');
INSERT INTO `system_menu` VALUES ('2', '追忆管理', '', '0');
INSERT INTO `system_menu` VALUES ('3', '纪念薄管理', '', '0');
INSERT INTO `system_menu` VALUES ('4', '商品管理', '', '0');
INSERT INTO `system_menu` VALUES ('5', '追忆轮播', '/api/greenhome/banner', '1');
INSERT INTO `system_menu` VALUES ('6', '追忆', '/api/greenhome/details', '2');
INSERT INTO `system_menu` VALUES ('7', '商品管理', '/api/greenhome/shop', '4');
INSERT INTO `system_menu` VALUES ('8', '纪念簿管理', '/api/greenhome/order', '3');
INSERT INTO `system_menu` VALUES ('9', '分享管理', '/api/greenhome/share', '1');
INSERT INTO `system_menu` VALUES ('10', '背景音乐管理', '/api/greenhome/music', '1');
INSERT INTO `system_menu` VALUES ('11', '追思详情分享管理', '/api/greenhome/detailsShare', '1');
INSERT INTO `system_menu` VALUES ('12', '广场管理', '', '0');
INSERT INTO `system_menu` VALUES ('13', '祠堂管理', '', '0');
INSERT INTO `system_menu` VALUES ('14', '广场,祠堂log管理', '/api/greenhome/plaza/img', '1');
INSERT INTO `system_menu` VALUES ('16', '广场信息展示', '/api/greenhome/plaza', '12');
INSERT INTO `system_menu` VALUES ('17', '祠堂信息展示', '/api/greenhome/ancestral', '13');
INSERT INTO `system_menu` VALUES ('18', '模板管理', '/api/greenhome/ancestral/template', '13');
INSERT INTO `system_menu` VALUES ('19', '提示管理', '/api/greenhome/ancestral/hint', '13');
INSERT INTO `system_menu` VALUES ('20', '祠堂人物详情分享管理', '/api/greenhome/detailsShare1', '1');
INSERT INTO `system_menu` VALUES ('21', '祠堂页页面分享管理', '/api/greenhome/detailsShare2', '1');
INSERT INTO `system_menu` VALUES ('22', '关系下拉管理', '/api/greenhome/relation', '1');
INSERT INTO `system_menu` VALUES ('23', '广场轮播', '/api/greenhome/banner1', '1');
INSERT INTO `system_menu` VALUES ('24', '祠堂轮播', '/api/greenhome/banner2', '1');

-- ----------------------------
-- Table structure for system_user
-- ----------------------------
DROP TABLE IF EXISTS `system_user`;
CREATE TABLE `system_user` (
  `id` varchar(255) COLLATE utf8mb4_bin NOT NULL,
  `username` varchar(255) COLLATE utf8mb4_bin DEFAULT NULL,
  `password` varchar(255) COLLATE utf8mb4_bin DEFAULT NULL,
  PRIMARY KEY (`id`) USING BTREE
) ENGINE=InnoDB DEFAULT CHARSET=utf8mb4 COLLATE=utf8mb4_bin ROW_FORMAT=DYNAMIC;

-- ----------------------------
-- Records of system_user
-- ----------------------------
INSERT INTO `system_user` VALUES ('1', 'laowang', 'f6a9cbc5003382f77d23cbcdc934b913');
